sample,add,Longitude,Latitude,bio1,bio12,Altitude,sm,ST,TN,ph,RR,Fe,Group
1,45,107.75,23.17,22,1546,157,32.87773496,29.46269938,15.75,0,-0.0936,Urea,Chao1
2,90,107.4,35.12,10.1,617,1300,21.54056622,28.38064604,10.4,0,0.2195,Urea,Chao1
3,90,107.4,35.12,10.1,617,1300,21.54056622,28.38064604,1.04,0.03,-0.1184,Urea,Chao1
4,60,123.33,40.48,7.2,838,225,21.16443743,28.11511012,0.84,-0.54,-0.0029,Urea,Chao1
5,75,126.35,45.4,3.6,564,169,25.16186478,27.87412821,0.52,-0.99,-0.0019,Urea,Chao1
6,56,-85.22,42.23,8.7,901,286,26.45428612,28.20433669,0.8,-0.2,0.0349,Others,Chao1
7,56,-85.22,42.23,8.7,901,286,26.45428612,28.20433669,0.8,-0.25,-0.0773,Others,Chao1
8,56,-85.22,42.23,8.7,901,286,26.45428612,28.20433669,0.8,-0.32,-0.0145,Others,Chao1
9,56,-85.22,42.23,8.7,901,286,26.45428612,28.20433669,0.8,-0.32,0.0479,Others,Chao1
10,62.1,119.43,29.19,17.7,1458,41,37.9319547,29.04965297,12.02,0,0.0552,Urea,Chao1
11,90,125.88,45.26,4.1,534,150,23.75091952,27.89974874,15.57,-0.1,-0.0903,Urea,Chao1
12,40,-3.45,40.25,13.6,446,710,27.61130678,28.79851626,11.3,0,-0.0814,Urea,Chao1
13,40,-3.45,40.25,13.6,446,710,27.61130678,28.79851626,11.3,0,0.0443,Urea,Chao1
14,35,115.51,39.27,12.6,548,47,15.77523204,28.62374776,0.8,0,-0.2113,Urea,Chao1
15,70,115.51,39.27,12.6,548,47,15.77523204,28.62374776,0.76,0,-0.0831,Urea,Chao1
16,100,115.51,39.27,12.6,548,47,15.77523204,28.62374776,0.72,0,-0.0627,Urea,Chao1
17,40,115.51,39.27,12.6,548,47,15.77523204,28.62374776,0.67,0,0.0575,Urea,Chao1
18,80,115.51,39.27,12.6,548,47,15.77523204,28.62374776,0.76,0,0.09,Urea,Chao1
19,57,-80.23,43.38,6.9,903,302,26.20316969,28.09097784,2.1,-0.17,-0.0279,Others,Chao1
20,60,8.654,50.6,9.1,704,163,28.82355,28.19669756,18.01,0,-0.2531,Others,Chao1
21,60,8.654,50.6,9.1,704,163,28.82355,28.19669756,18.01,0,0.0006,Others,Chao1
22,60,-88.5,35.37,15,1388,170,24.2621935,28.85725214,11.34,-0.13,-0.1904,NH4NO3,Chao1
23,60,-88.5,35.37,15,1388,170,24.2621935,28.85725214,11.34,0.32,0.0045,NH4NO3,Chao1
24,60,-88.5,35.37,15,1388,170,24.2621935,28.85725214,11.34,-0.1,-0.1413,NH4NO3,Chao1
25,60,-88.5,35.37,15,1388,170,24.2621935,28.85725214,11.34,0.19,-0.038,NH4NO3,Chao1
26,100,107.54,22.38,22.5,1588,214,26.22167197,29.5386803,17.4,-0.1,0.131,Urea,Chao1
27,100,114.41,37.53,12.4,549,254,18.22474307,28.69505048,10.08,0,-0.3005,Urea,Chao1
28,100,114.41,37.53,12.4,549,254,18.22474307,28.69505048,10.08,0,-0.0734,Urea,Chao1
29,100,114.41,37.53,12.4,549,254,18.22474307,28.69505048,10.08,0,0.2018,Urea,Chao1
30,50,127.38,41.42,2.7,814,1110,26.64049448,27.6181876,13.39,-0.83,0.0568,NH4NO3,Chao1
31,50,127.38,41.42,2.7,814,1110,26.64049448,27.6181876,1.52,-0.1,0.296,NH4NO3,Chao1
32,60,122.86,52.94,-4.6,461,479,25.15039971,27.12969506,24.7,0.03,0.1762,NH4NO3,Chao1
33,50,111.45,36.18,10.9,532,587,25.27433305,28.68107532,1.98,-0.52,0.0859,Urea,Chao1
34,50,111.45,36.18,10.9,532,587,25.27433305,28.68107532,1.74,-0.52,-0.0405,Urea,Chao1
35,100,111.45,36.18,10.9,532,587,25.27433305,28.68107532,1.77,-0.52,0.0222,Urea,Chao1
36,100,111.45,36.18,10.9,532,587,25.27433305,28.68107532,1.68,-0.61,-0.1866,Urea,Chao1
37,50,111.45,36.18,10.9,532,587,25.27433305,28.68107532,2,-0.13,-0.1222,Urea,Chao1
38,100,-111.34,64.52,-10.6,264,439,24.31085786,26.77552098,25.03,0,-0.1622,NH4NO3,Chao1
39,100,-111.34,64.52,-10.6,264,439,24.31085786,26.77552098,25.03,0,0.2398,NH4NO3,Chao1
40,50,115.04,26.45,16.9,1608,564,34.43751698,29.11543158,1.04,-0.2,-0.0659,NH4NO3,Chao1
41,50,115.04,26.45,16.9,1608,564,34.43751698,29.11543158,0.73,-0.11,-0.0734,NH4NO3,Chao1
42,100,115.04,26.45,16.9,1608,564,34.43751698,29.11543158,0.69,-0.29,-0.2214,NH4NO3,Chao1
43,100,115.04,26.45,16.9,1608,564,34.43751698,29.11543158,1.47,-0.29,-0.1911,NH4NO3,Chao1
44,100,115.04,26.45,16.9,1608,564,34.43751698,29.11543158,0.93,-0.22,0.0146,NH4NO3,Chao1
45,100,115.04,26.45,16.9,1608,564,34.43751698,29.11543158,0.62,-0.07,-0.1766,NH4NO3,Chao1
46,35,112.1,23.1,22.3,1575,79,27.13459351,29.46799011,2.43,0.04,0.0185,NH4NO3,Chao1
47,35,112.1,23.1,22.3,1575,79,27.13459351,29.46799011,2.43,0.04,-0.04,NH4NO3,Chao1
48,70,112.1,23.1,22.3,1575,79,27.13459351,29.46799011,2.73,-0.01,0.0464,NH4NO3,Chao1
49,70,112.1,23.1,22.3,1575,79,27.13459351,29.46799011,2.73,-0.01,-0.0059,NH4NO3,Chao1
50,35,112.1,23.1,22.3,1575,79,27.13459351,29.46799011,1.88,0.03,-0.1771,NH4NO3,Chao1
51,70,112.1,23.1,22.3,1575,79,27.13459351,29.46799011,2.22,-0.1,-0.0064,NH4NO3,Chao1
52,35,112.1,23.1,22.3,1575,79,27.13459351,29.46799011,1.7,0,-0.0173,NH4NO3,Chao1
53,70,112.1,23.1,22.3,1575,79,27.13459351,29.46799011,1.99,-0.06,0.0276,NH4NO3,Chao1
54,35,112.1,23.1,22.3,1575,79,27.13459351,29.46799011,1.7,0,-0.0147,NH4NO3,Chao1
55,70,112.1,23.1,22.3,1575,79,27.13459351,29.46799011,1.99,-0.06,0.0488,NH4NO3,Chao1
56,35,112.1,23.1,22.3,1575,79,27.13459351,29.46799011,2.41,-0.02,-0.0216,NH4NO3,Chao1
57,70,112.1,23.1,22.3,1575,79,27.13459351,29.46799011,2.32,-0.07,0.0496,NH4NO3,Chao1
58,35,112.1,23.1,22.3,1575,79,27.13459351,29.46799011,2.41,-0.02,0.0731,NH4NO3,Chao1
59,70,112.1,23.1,22.3,1575,79,27.13459351,29.46799011,2.32,-0.07,0.0235,NH4NO3,Chao1
60,16,83.43,42.7,-6.5,316,3594,17.11592697,26.97774193,7.28,-0.05,0.294,Urea,Chao1
61,8,83.43,42.7,-6.5,316,3594,17.11592697,26.97774193,7.52,-0.04,0.0492,Urea,Chao1
62,100,111.53,41.46,3.4,254,1484,15.60102127,27.76919585,16.94,-1.1,0.0842,NH4NO3,Chao1
63,100,111.53,41.46,3.4,254,1484,15.60102127,27.76919585,14.62,-0.74,0.3053,NH4NO3,Chao1
64,60,107.13,37.42,7.4,322,1597,17.1114511,28.24588463,0.28,0.08,-0.1274,NH4NO3,Chao1
65,100,120.42,42.55,6.7,405,432,15.81152244,28.19530407,14.46,0,0.0881,NH4NO3,Chao1
66,50,120.42,42.55,6.7,405,432,15.81152244,28.19530407,14.46,0,-0.0032,NH4NO3,Chao1
67,100,120.42,42.55,6.7,405,432,15.81152244,28.19530407,14.46,0,-0.1924,NH4NO3,Chao1
68,50,120.42,42.55,6.7,405,432,15.81152244,28.19530407,14.46,0,-0.155,NH4NO3,Chao1
69,80,87.75,43.88,6.8,222,825,14.37295487,28.08572562,0.14,-0.28,-0.0286,NH4NO3,Chao1
70,20,87.75,43.88,6.8,222,825,14.37295487,28.08572562,0.15,-0.39,-0.0405,NH4NO3,Chao1
71,5,87.75,43.88,6.8,222,825,14.37295487,28.08572562,0.16,-0.1,0.0272,NH4NO3,Chao1
72,100,118.58,37.45,12.7,588,4,28.06153524,28.79540667,6.92,0.24,0.1593,Others,Chao1
73,100,118.58,37.45,12.7,588,4,28.06153524,28.79540667,6.92,0.01,0.0962,Others,Chao1
74,100,118.58,37.45,12.7,588,4,28.06153524,28.79540667,6.92,0.1,0.1151,NH4NO3,Chao1
75,50,118.58,37.45,12.7,588,4,28.06153524,28.79540667,6.92,0.24,0.0852,Others,Chao1
76,50,118.58,37.45,12.7,588,4,28.06153524,28.79540667,6.92,0.16,0.1402,Others,Chao1
77,50,118.58,37.45,12.7,588,4,28.06153524,28.79540667,6.92,0,0.1022,NH4NO3,Chao1
78,36,87.76,45.16,7.1,169,584,10.83718264,28.33580511,0.43,-0.07,-0.011,NH4NO3,Chao1
79,36,87.76,45.16,7.1,169,584,10.83718264,28.33580511,0.47,-0.31,-0.0424,NH4NO3,Chao1
80,36,87.76,45.16,7.1,169,584,10.83718264,28.33580511,0.47,-0.06,-0.0664,NH4NO3,Chao1
81,18,87.76,45.16,7.1,169,584,10.83718264,28.33580511,0.43,-0.12,0.0285,NH4NO3,Chao1
82,18,87.76,45.16,7.1,169,584,10.83718264,28.33580511,0.47,-0.11,0.1423,NH4NO3,Chao1
83,18,87.76,45.16,7.1,169,584,10.83718264,28.33580511,0.32,-0.01,-0.0772,NH4NO3,Chao1
84,72,87.76,45.16,7.1,169,584,10.83718264,28.33580511,1.11,-0.24,0.045,NH4NO3,Chao1
85,72,87.76,45.16,7.1,169,584,10.83718264,28.33580511,1.18,-0.25,-0.0102,NH4NO3,Chao1
86,72,87.76,45.16,7.1,169,584,10.83718264,28.33580511,0.86,-0.08,0.0173,NH4NO3,Chao1
87,60,106.86,37.57,7.9,291,1450,17.032098,28.38850374,0.26,-0.01,-0.0687,Urea,Chao1
88,80,116.16,42.01,1.6,387,1361,15.47181561,27.70180635,2.42,-0.29,0.3157,NH4NO3,Chao1
89,10,116.16,42.01,1.6,387,1361,15.47181561,27.70180635,2.1,-0.18,0.1781,Urea,Chao1
90,20,116.16,42.01,1.6,387,1361,15.47181561,27.70180635,2.18,-0.51,0.1326,Urea,Chao1
91,40,116.16,42.01,1.6,387,1361,15.47181561,27.70180635,2.18,-0.99,0.0749,Urea,Chao1
92,100,116.87,42.42,1.4,405,1383,15.48536423,27.63181167,0.04,-0.27,0.0373,Urea,Chao1
93,100,116.71,42.38,1.6,395,1323,15.55830079,27.6849637,0.11,-1.34,-0.0274,Urea,Chao1
94,100,117.27,42.48,0.8,444,1506,16.5673488,27.46949187,0.09,-0.75,0.1192,Urea,Chao1
95,100,117.26,42.46,0.8,444,1514,16.5673488,27.46949187,0.43,-0.27,0.0654,Urea,Chao1
96,100,-96.35,39.05,12.1,880,387,27.58397538,28.59647362,25.33,-0.09,0.0645,Urea,Chao1
97,100,-96.35,39.05,12.1,880,387,27.58397538,28.59647362,25.33,-0.31,0.1001,NH4NO3,Chao1
98,100,-96.35,39.05,12.1,880,387,27.58397538,28.59647362,25.33,-0.09,0.0487,NH4NO3,Chao1
99,100,-96.35,39.05,12.1,880,387,27.58397538,28.59647362,25.33,-0.31,0.1598,NH4NO3,Chao1
100,100,-96.35,39.05,12.1,880,387,27.58397538,28.59647362,25.33,-0.09,-0.0412,NH4NO3,Chao1
101,100,-96.35,39.05,12.1,880,387,27.58397538,28.59647362,25.33,-0.31,-0.0973,NH4NO3,Chao1
102,100,-96.35,39.05,12.1,880,387,27.58397538,28.59647362,25.33,-0.09,0.0559,NH4NO3,Chao1
103,100,-96.35,39.05,12.1,880,387,27.58397538,28.59647362,25.33,-0.31,0.1328,NH4NO3,Chao1
104,100,-96.35,39.05,12.1,880,387,27.58397538,28.59647362,25.33,-0.09,0.0062,NH4NO3,Chao1
105,100,-96.35,39.05,12.1,880,387,27.58397538,28.59647362,25.33,-0.31,0.0779,NH4NO3,Chao1
106,100,-96.35,39.05,12.1,880,387,27.58397538,28.59647362,25.33,-0.09,-0.1729,NH4NO3,Chao1
107,100,-96.35,39.05,12.1,880,387,27.58397538,28.59647362,25.33,-0.31,0.0314,NH4NO3,Chao1
108,100,-96.35,39.05,12.1,880,387,27.58397538,28.59647362,25.33,-0.09,-0.0403,NH4NO3,Chao1
109,100,-96.35,39.05,12.1,880,387,27.58397538,28.59647362,25.33,-0.31,0.0473,NH4NO3,Chao1
110,100,-96.35,39.05,12.1,880,387,27.58397538,28.59647362,25.33,-0.31,-0.2084,NH4NO3,Chao1
111,100,-96.35,39.05,12.1,880,387,27.58397538,28.59647362,25.33,-0.31,-0.2086,NH4NO3,Chao1
112,100,-96.35,39.05,12.1,880,387,27.58397538,28.59647362,25.33,-0.09,0.1413,NH4NO3,Chao1
113,100,-96.35,39.05,12.1,880,387,27.58397538,28.59647362,25.33,-0.09,0.0687,NH4NO3,Chao1
114,100,-96.35,39.05,12.1,880,387,27.58397538,28.59647362,25.33,-0.31,0.0223,NH4NO3,Chao1
115,100,-96.35,39.05,12.1,880,387,27.58397538,28.59647362,25.33,-0.09,0.2024,NH4NO3,Chao1
116,100,-96.35,39.05,12.1,880,387,27.58397538,28.59647362,25.33,-0.31,0.0161,NH4NO3,Chao1
117,50,100.1,27,12,964,3456,24.33339827,28.34216134,1.135,0,0.0226,Urea,Chao1
118,50,100.1,27,12,964,3456,24.33339827,28.34216134,1.63,0,-0.0725,Urea,Chao1
119,50,100.1,27,12,964,3456,24.33339827,28.34216134,1.38,0,-0.0803,Urea,Chao1
120,100,151.14,-27.73,18.4,682,411,20.81436988,29.34373401,11.75,0,-0.0952,Urea,Chao1
121,100,8.54,47.11,8.2,1226,972,32.42340451,27.96155468,46.07,0,-0.0821,Urea,Chao1
122,100,117.61,-31.78,17.4,331,297,15.71842684,29.16675822,5.17,0,0.1873,Urea,Chao1
123,100,30.4,-29.67,17.9,882,810,24.1156103,29.09570807,17.66,0,-0.1261,Urea,Chao1
124,100,30.29,-29.28,13.2,921,1666,22.96281079,29.00016712,22.54,0,0.003,Urea,Chao1
125,100,30.72,-29.81,18.4,934,636,28.30515743,29.09416562,16.29,0,0.18,Urea,Chao1
126,40,116.17,42.02,1.7,387,1354,15.47181561,27.70180635,1.95,-0.59,-0.1846,Urea,Chao1
127,50,116.17,42.02,1.7,387,1354,15.47181561,27.70180635,1.93,-0.28,-0.0792,Urea,Chao1
128,80,116.17,42.02,1.7,387,1354,15.47181561,27.70180635,2.14,-0.91,-0.3351,Urea,Chao1
129,12.5,107.44,37.81,8,290,1384,16.50700024,28.38891006,0.38,0.67,0.0357,NH4NO3,Chao1
130,100,107.44,37.81,8,290,1384,16.50700024,28.38891006,0.41,0.75,0.0222,NH4NO3,Chao1
131,50,107.44,37.81,8,290,1384,16.50700024,28.38891006,0.4,0.76,-0.002,NH4NO3,Chao1
132,25,107.44,37.81,8,290,1384,16.50700024,28.38891006,0.39,0.74,0.0218,NH4NO3,Chao1
133,8,99.35,37.02,-0.8,265,3482,13.50698421,27.53644017,26.75,0.09,0.1352,NH4NO3,Chao1
134,50,107.4,35.12,10.1,617,1300,21.54056622,28.38064604,1.04,0,0.1453,Urea,Chao1
135,120,107.4,35.12,10.1,617,1300,21.54056622,28.38064604,0.78,0,-0.1124,Urea,Chao1
136,120,108.02,34.18,14.5,636,481,21.90755771,28.58240371,0.93,-0.01,-0.024,Urea,Chao1
137,196,-85.22,42.23,8.7,901,286,26.45428612,28.20433669,0.8,-1.28,-0.2011,Others,Chao1
138,196,-85.22,42.23,8.7,901,286,26.45428612,28.20433669,0.8,-0.95,-0.2806,Others,Chao1
139,196,-85.22,42.23,8.7,901,286,26.45428612,28.20433669,0.8,-1.1,-0.3637,Others,Chao1
140,196,-85.22,42.23,8.7,901,286,26.45428612,28.20433669,0.8,-1.42,-0.3248,Others,Chao1
141,150,126.35,45.4,3.6,564,169,25.16186478,27.87412821,1.87,-0.87,-0.0729,Urea,Chao1
142,150,126.35,45.4,3.6,564,169,25.16186478,27.87412821,2.38,-0.79,0.2978,Urea,Chao1
143,150,125.88,45.26,4.1,534,150,23.75091952,27.89974874,15.57,-0.25,-0.0418,Urea,Chao1
144,150,114.43,35.01,14.8,592,70,20.72879927,28.86216968,0.67,-0.31,0.0047,Urea,Chao1
145,150,114.43,35.01,14.8,592,70,20.72879927,28.86216968,0.71,-0.31,0.0381,Urea,Chao1
146,120,-3.45,40.25,13.6,446,710,27.61130678,28.79851626,11.3,0,-0.1877,Others,Chao1
147,120,-3.45,40.25,13.6,446,710,27.61130678,28.79851626,11.3,0,-0.0115,Others,Chao1
148,120,-3.45,40.25,13.6,446,710,27.61130678,28.79851626,11.3,0,0.0744,Others,Chao1
149,120,-3.45,40.25,13.6,446,710,27.61130678,28.79851626,11.3,0,-0.0984,Others,Chao1
150,150,115.51,39.27,12.6,548,47,15.77523204,28.62374776,0.86,0,-0.1129,Urea,Chao1
151,110,115.51,39.27,12.6,548,47,15.77523204,28.62374776,0.65,0,-0.0341,Urea,Chao1
152,165.6,119.27,29.01,17.7,1512,67,37.9319547,29.04965297,1.97,-0.01,0.13,Urea,Chao1
153,188,-80.23,43.38,6.9,903,302,26.20316969,28.09097784,2,0.2,0.0364,Others,Chao1
154,188,-80.23,43.38,6.9,903,302,26.20316969,28.09097784,2,0.2,0.106,Others,Chao1
155,188,-80.23,43.38,6.9,903,302,26.20316969,28.09097784,2,0.2,-0.0953,Others,Chao1
156,180,-96.42,41.17,10.2,777,353,30.19830867,28.39713077,15.67,0,0.1999,Urea,Chao1
157,180,-96.42,41.17,10.2,777,353,30.19830867,28.39713077,15.67,0,-0.1061,Urea,Chao1
158,180,-96.42,41.17,10.2,777,353,30.19830867,28.39713077,15.67,0,-0.0376,Urea,Chao1
159,180,-96.42,41.17,10.2,777,353,30.19830867,28.39713077,15.67,0,-0.0323,Urea,Chao1
160,180,-96.42,41.17,10.2,777,353,30.19830867,28.39713077,15.67,0,-0.3634,Urea,Chao1
161,180,-96.42,41.17,10.2,777,353,30.19830867,28.39713077,15.67,0,0.2843,Urea,Chao1
162,180,-96.42,41.17,10.2,777,353,30.19830867,28.39713077,15.67,0,0.0549,Urea,Chao1
163,180,-96.42,41.17,10.2,777,353,30.19830867,28.39713077,15.67,0,-0.1395,Urea,Chao1
164,180,-96.42,41.17,10.2,777,353,30.19830867,28.39713077,15.67,0,-0.3313,Urea,Chao1
165,180,-96.42,41.17,10.2,777,353,30.19830867,28.39713077,15.67,0,-0.1243,Urea,Chao1
166,180,-96.42,41.17,10.2,777,353,30.19830867,28.39713077,15.67,0,-0.1842,Urea,Chao1
167,180,-96.42,41.17,10.2,777,353,30.19830867,28.39713077,15.67,0,-0.3806,Urea,Chao1
168,180,-96.42,41.17,10.2,777,353,30.19830867,28.39713077,15.67,0,0.0611,Urea,Chao1
169,180,-96.42,41.17,10.2,777,353,30.19830867,28.39713077,15.67,0,-0.3837,Urea,Chao1
170,180,-96.42,41.17,10.2,777,353,30.19830867,28.39713077,15.67,0,-0.1897,Urea,Chao1
171,180,-96.42,41.17,10.2,777,353,30.19830867,28.39713077,15.67,0,0.1119,Urea,Chao1
172,180,-96.42,41.17,10.2,777,353,30.19830867,28.39713077,15.67,0,-0.0686,Urea,Chao1
173,180,-96.42,41.17,10.2,777,353,30.19830867,28.39713077,15.67,0,-0.0503,Urea,Chao1
174,180,-96.42,41.17,10.2,777,353,30.19830867,28.39713077,15.67,0,-0.3372,Urea,Chao1
175,180,-96.42,41.17,10.2,777,353,30.19830867,28.39713077,15.67,0,-0.0874,Urea,Chao1
176,180,-96.42,41.17,10.2,777,353,30.19830867,28.39713077,15.67,0,-0.348,Urea,Chao1
177,180,-96.42,41.17,10.2,777,353,30.19830867,28.39713077,15.67,0,-0.3785,Urea,Chao1
178,180,-96.42,41.17,10.2,777,353,30.19830867,28.39713077,15.67,0,-0.7659,Urea,Chao1
179,180,-96.42,41.17,10.2,777,353,30.19830867,28.39713077,15.67,0,-0.398,Urea,Chao1
180,180,-96.42,41.17,10.2,777,353,30.19830867,28.39713077,15.67,0,-0.248,Urea,Chao1
181,180,-96.42,41.17,10.2,777,353,30.19830867,28.39713077,15.67,0,-0.0126,Urea,Chao1
182,180,-96.42,41.17,10.2,777,353,30.19830867,28.39713077,15.67,0,-0.2905,Urea,Chao1
183,180,-96.42,41.17,10.2,777,353,30.19830867,28.39713077,15.67,0,0.06,Urea,Chao1
184,180,-96.42,41.17,10.2,777,353,30.19830867,28.39713077,15.67,0,-0.2265,Urea,Chao1
185,180,-96.42,41.17,10.2,777,353,30.19830867,28.39713077,15.67,0,-0.0217,Urea,Chao1
186,150,107.54,22.38,22.5,1588,214,26.22167197,29.5386803,17.4,-0.35,0.0436,Urea,Chao1
187,200,114.41,37.53,12.4,549,254,18.22474307,28.69505048,10.08,0,-0.0953,Urea,Chao1
188,200,114.41,37.53,12.4,549,254,18.22474307,28.69505048,10.08,0,0.0305,Urea,Chao1
189,200,114.41,37.53,12.4,549,254,18.22474307,28.69505048,10.08,0,0.0318,Urea,Chao1
190,200,114.41,37.53,12.4,549,254,18.22474307,28.69505048,10.08,0,-0.0321,Urea,Chao1
191,120,122.86,52.94,-4.6,461,479,25.15039971,27.12969506,24.7,0.02,0.1646,NH4NO3,Chao1
192,150,111.45,36.18,10.9,532,587,25.27433305,28.68107532,1.75,0.31,-0.1913,NH4NO3,Chao1
193,150,111.45,36.18,10.9,532,587,25.27433305,28.68107532,1.51,-0.17,-0.0666,Urea,Chao1
194,150,111.45,36.18,10.9,532,587,25.27433305,28.68107532,2.03,-0.26,0.0451,Urea,Chao1
195,105,112.1,23.1,22.3,1575,94,27.13459351,29.46799011,2.63,0,0.0363,NH4NO3,Chao1
196,105,112.1,23.1,22.3,1575,94,27.13459351,29.46799011,2.63,0,-0.2384,NH4NO3,Chao1
197,105,112.1,23.1,22.3,1575,94,27.13459351,29.46799011,2.08,-0.02,0.063,NH4NO3,Chao1
198,105,112.1,23.1,22.3,1575,94,27.13459351,29.46799011,1.89,-0.1,-0.0668,NH4NO3,Chao1
199,105,112.1,23.1,22.3,1575,94,27.13459351,29.46799011,1.89,-0.1,-0.0535,NH4NO3,Chao1
200,105,112.1,23.1,22.3,1575,94,27.13459351,29.46799011,2.38,-0.3,-0.1868,NH4NO3,Chao1
201,105,112.1,23.1,22.3,1575,94,27.13459351,29.46799011,2.38,-0.1,0.0195,NH4NO3,Chao1
202,150,120.42,42.55,6.7,405,432,15.81152244,28.19530407,14.46,0,-0.01,NH4NO3,Chao1
203,150,120.42,42.55,6.7,405,432,15.81152244,28.19530407,14.46,0,-0.0387,NH4NO3,Chao1
204,200,118.58,37.45,12.7,588,4,28.06153524,28.79540667,6.92,0.19,0.122,Others,Chao1
205,200,118.58,37.45,12.7,588,4,28.06153524,28.79540667,6.92,-0.17,-0.0067,Others,Chao1
206,200,118.58,37.45,12.7,588,4,28.06153524,28.79540667,6.92,0.09,0.0913,NH4NO3,Chao1
207,160,116.16,42.01,1.6,387,1361,15.47181561,27.70180635,2.24,-1,0.3476,Urea,Chao1
208,200,116.87,42.42,1.4,405,1383,15.48536423,27.63181167,0.03,-0.52,-0.2658,Urea,Chao1
209,200,116.71,42.38,1.6,395,1323,15.55830079,27.6849637,0.11,-0.96,-0.186,Urea,Chao1
210,200,117.27,42.48,0.8,444,1506,16.5673488,27.46949187,0.09,-1.21,-0.065,Urea,Chao1
211,200,117.26,42.46,0.8,444,1514,16.5673488,27.46949187,0.42,-1.47,-0.184,Urea,Chao1
212,160,116.17,42.02,1.7,387,1354,15.47181561,27.70180635,2.2,-1.71,-0.0515,Urea,Chao1
213,200,107.44,37.81,8,290,1384,16.50700024,28.38891006,0.4,0.17,0.0278,NH4NO3,Chao1
214,225,107.75,23.17,22,1546,157,32.87773496,29.46269938,15.75,0,-0.0777,Urea,Chao1
215,300,117.17,34.16,14.8,745,34,28.75268909,28.85696324,1.17,-0.35,0.1005,Urea,Chao1
216,240,108.02,34.18,14.5,636,481,21.90755771,28.58240371,0.93,-0.18,0.3044,Urea,Chao1
217,210,117.93,36.93,13.5,604,19,24.59575535,28.79772063,1.06,-0.77,-0.1019,Urea,Chao1
218,300,126.35,45.4,3.6,564,169,25.16186478,27.87412821,1.87,-1.36,0.1868,Urea,Chao1
219,225,85.48,44.2,7.7,163,806,19.71669088,27.94290597,0.16,-0.05,-0.0225,Urea,Chao1
220,225,85.48,44.2,7.7,163,806,19.71669088,27.94290597,0.35,-0.05,0.1972,Urea,Chao1
221,300,85.48,44.2,7.7,163,806,19.71669088,27.94290597,0.22,-0.15,0.0224,Urea,Chao1
222,300,85.48,44.2,7.7,163,806,19.71669088,27.94290597,0.28,-0.15,0.1231,Urea,Chao1
223,210,125.88,45.26,4.1,534,150,23.75091952,27.89974874,15.57,-0.27,-0.0528,Urea,Chao1
224,270,125.88,45.26,4.1,534,150,23.75091952,27.89974874,15.57,-0.44,-0.0821,Urea,Chao1
225,230,114.43,35.01,14.8,592,70,20.72879927,28.86216968,0.79,-0.41,0.1304,Urea,Chao1
226,230,114.43,35.01,14.8,592,70,20.72879927,28.86216968,0.8,-0.4,0.0596,Urea,Chao1
227,240,118.52,32.01,15.6,1033,31,34.51876613,28.9937003,2.2,-0.17,-0.1126,Urea,Chao1
228,225,107.88,35.28,11.5,569,1086,21.24439076,28.43022432,0.82,-0.01,-0.0055,Urea,Chao1
229,225,107.88,35.28,11.5,569,1086,21.24439076,28.43022432,0.78,-0.01,0.1512,Urea,Chao1
230,240,112.99,34.92,14.5,603,115,25.94153695,28.87856823,1.09,-0.14,-0.0465,Urea,Chao1
231,240,112.99,34.92,14.5,603,115,25.94153695,28.87856823,1.06,-0.12,-0.0417,Urea,Chao1
232,300,114.41,37.53,12.4,549,254,18.22474307,28.69505048,10.08,0,-0.0318,Urea,Chao1
233,300,114.41,37.53,12.4,549,254,18.22474307,28.69505048,10.08,0,0.0248,Urea,Chao1
234,300,114.41,37.53,12.4,549,254,18.22474307,28.69505048,10.08,0,0.01,Urea,Chao1
235,240,122.86,52.94,-4.6,461,479,25.15039971,27.12969506,16.9,0.1,0.0249,NH4NO3,Chao1
236,300,97.18,33.24,0,471,4144,20.50066875,27.25852036,45.57,0,-0.0827,Others,Chao1
237,300,97.18,33.24,0,471,4144,20.50066875,27.25852036,45.57,0,0.052,NH4NO3,Chao1
238,300,97.18,33.24,1.4,405,1383,15.48536423,27.63181167,0.04,-1.19,-0.363,Urea,Chao1
239,300,97.18,33.24,1.6,395,1323,15.55830079,27.6849637,0.12,-1.81,-0.4791,Urea,Chao1
240,300,97.18,33.24,1.4,405,1383,15.48536423,27.63181167,0.1,-1.56,-0.3058,Urea,Chao1
241,368,108.16,30.4,18.3,1232,355,33.48755564,29.0763281,0.85,0,0.2077,Urea,Chao1
242,552,108.16,30.4,18.3,1232,355,33.48755564,29.0763281,0.89,-0.42,0.0078,Urea,Chao1
243,736,108.16,30.4,18.3,1232,355,33.48755564,29.0763281,0.92,-1.08,0.243,Urea,Chao1
244,920,108.16,30.4,18.3,1232,355,33.48755564,29.0763281,0.98,-1.17,0.1388,Urea,Chao1
245,1104,108.16,30.4,18.3,1232,355,33.48755564,29.0763281,1.01,-1.25,0.064,Urea,Chao1
246,450,107.75,23.17,22,1546,157,32.87773496,29.46269938,15.75,0,-0.0151,Urea,Chao1
247,375,85.48,44.2,7.7,163,806,19.71669088,27.94290597,0.33,-0.27,-0.038,Urea,Chao1
248,375,85.48,44.2,7.7,163,806,19.71669088,27.94290597,0.17,-0.27,0.1286,Urea,Chao1
249,310,114.43,35.01,14.8,592,70,20.72879927,28.86216968,0.8,-0.44,0.0705,Urea,Chao1
250,310,114.43,35.01,14.8,592,70,20.72879927,28.86216968,0.81,-0.41,0.1113,Urea,Chao1
251,320,116.16,42.01,1.6,387,1361,15.47181561,27.70180635,2.78,-2.1,-0.0819,Urea,Chao1
252,640,116.16,42.01,1.6,387,1361,15.47181561,27.70180635,2.87,-2.18,0.0065,Urea,Chao1
253,500,116.87,42.42,1.4,405,1383,15.48536423,27.63181167,0.05,-1.02,-0.6528,Urea,Chao1
254,400,116.71,42.38,1.6,395,1323,15.55830079,27.6849637,0.04,-0.23,-0.5564,Urea,Chao1
255,500,117.27,42.48,0.8,444,1506,16.5673488,27.46949187,0.12,-1.48,-0.7135,Urea,Chao1
256,400,117.26,42.46,0.8,444,1514,16.5673488,27.46949187,0.12,1.61,-0.3708,Urea,Chao1
257,500,116.87,42.42,1.4,405,1383,15.48536423,27.63181167,0.1,-1.25,-0.4542,Urea,Chao1
258,400,116.71,42.38,1.6,395,1323,15.55830079,27.6849637,0.11,-1.75,-0.566,Urea,Chao1
259,500,117.27,42.48,0.8,444,1506,16.5673488,27.46949187,0.45,-1.14,-0.3471,Urea,Chao1
260,400,117.26,42.46,0.8,444,1514,16.5673488,27.46949187,0.47,-1.02,-0.1701,Urea,Chao1
261,300,117.26,42.46,0.8,444,1514,16.5673488,27.46949187,0.53,-0.76,-0.0964,Urea,Chao1
262,320,116.17,42.02,1.7,387,1354,15.47181561,27.70180635,2.38,-2.36,-0.4907,Urea,Chao1
263,200,124.47,43.29,5.9,633,178,23.78292374,0.71516503,0.156,-0.12,-0.0105,,Chao1
264,200,124.47,43.29,5.9,633,178,23.78292374,0.71516503,0.156,-0.11,-0.03,,Chao1
265,200,124.47,43.29,5.9,633,178,23.78292374,0.71516503,0.156,0,-0.1025,,Chao1
266,200,124.47,43.29,5.9,633,178,23.78292374,0.71516503,0.156,0.09,-0.7257,,Chao1
267,200,124.47,43.29,5.9,633,178,23.78292374,0.71516503,0.156,-0.22,-0.0006,,Chao1
268,200,124.47,43.29,5.9,633,178,23.78292374,0.71516503,0.156,-0.31,-0.0076,,Chao1
269,200,124.47,43.29,5.9,633,178,23.78292374,0.71516503,0.156,-0.42,-0.0358,,Chao1
270,200,124.47,43.29,5.9,633,178,23.78292374,0.71516503,0.156,-0.24,-0.056,,Chao1
271,200,124.47,43.29,5.9,633,178,23.78292374,0.71516503,0.156,-0.32,-0.0049,,Chao1
272,200,124.47,43.29,5.9,633,178,23.78292374,0.71516503,0.156,-0.1,-0.0255,,Chao1
273,200,124.47,43.29,5.9,633,178,23.78292374,0.71516503,0.156,-0.37,-0.1116,,Chao1
274,200,124.47,43.29,5.9,633,178,23.78292374,0.71516503,0.156,-0.31,-0.2223,,Chao1
1,45,107.75,23.17,22,1546,157,32.87773496,29.46269938,15.75,0,0.0113,Urea,pielou
2,90,107.4,35.12,10.1,617,1300,21.54056622,28.38064604,10.4,0,0.0055,Urea,pielou
3,90,107.4,35.12,10.1,617,1300,21.54056622,28.38064604,1.04,0.03,-0.0138,Urea,pielou
4,60,123.33,40.48,7.2,838,225,21.16443743,28.11511012,0.84,-0.54,-0.0118,Urea,pielou
5,75,126.35,45.4,3.6,564,169,25.16186478,27.87412821,0.52,-0.99,-0.0041,Urea,pielou
6,56,-85.22,42.23,8.7,901,286,26.45428612,28.20433669,0.8,-0.2,-0.0003,Others,pielou
7,56,-85.22,42.23,8.7,901,286,26.45428612,28.20433669,0.8,-0.25,0.0006,Others,pielou
8,56,-85.22,42.23,8.7,901,286,26.45428612,28.20433669,0.8,-0.32,0.003,Others,pielou
9,56,-85.22,42.23,8.7,901,286,26.45428612,28.20433669,0.8,-0.32,0.0011,Others,pielou
10,62.1,119.43,29.19,17.7,1458,41,37.9319547,29.04965297,12.02,0,-0.0057,Urea,pielou
11,90,125.88,45.26,4.1,534,150,23.75091952,27.89974874,15.57,-0.1,-0.005,Urea,pielou
12,40,-3.45,40.25,13.6,446,710,27.61130678,28.79851626,11.3,0,0.011,Urea,pielou
13,40,-3.45,40.25,13.6,446,710,27.61130678,28.79851626,11.3,0,0.0075,Urea,pielou
14,35,115.51,39.27,12.6,548,47,15.77523204,28.62374776,0.8,0,0.0006,Urea,pielou
15,70,115.51,39.27,12.6,548,47,15.77523204,28.62374776,0.76,0,-0.0077,Urea,pielou
16,100,115.51,39.27,12.6,548,47,15.77523204,28.62374776,0.72,0,-0.0023,Urea,pielou
17,40,115.51,39.27,12.6,548,47,15.77523204,28.62374776,0.67,0,-0.0023,Urea,pielou
18,80,115.51,39.27,12.6,548,47,15.77523204,28.62374776,0.76,0,0.0032,Urea,pielou
19,57,-80.23,43.38,6.9,903,302,26.20316969,28.09097784,2.1,-0.17,0.0012,Others,pielou
20,60,8.654,50.6,9.1,704,163,28.82355,28.19669756,18.01,0,-0.0094,Others,pielou
21,60,8.654,50.6,9.1,704,163,28.82355,28.19669756,18.01,0,-0.0004,Others,pielou
22,60,-88.5,35.37,15,1388,170,24.2621935,28.85725214,11.34,-0.13,-0.0053,NH4NO3,pielou
23,60,-88.5,35.37,15,1388,170,24.2621935,28.85725214,11.34,0.32,-0.0025,NH4NO3,pielou
24,60,-88.5,35.37,15,1388,170,24.2621935,28.85725214,11.34,-0.1,-0.0044,NH4NO3,pielou
25,60,-88.5,35.37,15,1388,170,24.2621935,28.85725214,11.34,0.19,0.002,NH4NO3,pielou
26,100,107.54,22.38,22.5,1588,214,26.22167197,29.5386803,17.4,-0.1,-0.0017,Urea,pielou
27,100,114.41,37.53,12.4,549,254,18.22474307,28.69505048,10.08,0,-0.0084,Urea,pielou
28,100,114.41,37.53,12.4,549,254,18.22474307,28.69505048,10.08,0,-0.003,Urea,pielou
29,100,114.41,37.53,12.4,549,254,18.22474307,28.69505048,10.08,0,0.096,Urea,pielou
30,50,127.38,41.42,2.7,814,1110,26.64049448,27.6181876,13.39,-0.83,0,NH4NO3,pielou
31,50,127.38,41.42,2.7,814,1110,26.64049448,27.6181876,1.52,-0.1,0.0095,NH4NO3,pielou
32,60,122.86,52.94,-4.6,461,479,25.15039971,27.12969506,24.7,0.03,0.016,NH4NO3,pielou
33,50,111.45,36.18,10.9,532,587,25.27433305,28.68107532,1.98,-0.52,0.0075,Urea,pielou
34,50,111.45,36.18,10.9,532,587,25.27433305,28.68107532,1.74,-0.52,-0.0023,Urea,pielou
35,100,111.45,36.18,10.9,532,587,25.27433305,28.68107532,1.77,-0.52,0.0029,Urea,pielou
36,100,111.45,36.18,10.9,532,587,25.27433305,28.68107532,1.68,-0.61,-0.0028,Urea,pielou
37,50,111.45,36.18,10.9,532,587,25.27433305,28.68107532,2,-0.13,-0.0047,Urea,pielou
38,100,-111.34,64.52,-10.6,264,439,24.31085786,26.77552098,25.03,0,-0.0123,NH4NO3,pielou
39,100,-111.34,64.52,-10.6,264,439,24.31085786,26.77552098,25.03,0,-0.0089,NH4NO3,pielou
40,50,115.04,26.45,16.9,1608,564,34.43751698,29.11543158,1.04,-0.2,-0.0291,NH4NO3,pielou
41,50,115.04,26.45,16.9,1608,564,34.43751698,29.11543158,0.73,-0.11,-0.0226,NH4NO3,pielou
42,100,115.04,26.45,16.9,1608,564,34.43751698,29.11543158,0.69,-0.29,-0.0178,NH4NO3,pielou
43,100,115.04,26.45,16.9,1608,564,34.43751698,29.11543158,1.47,-0.29,-0.0296,NH4NO3,pielou
44,100,115.04,26.45,16.9,1608,564,34.43751698,29.11543158,0.93,-0.22,0.002,NH4NO3,pielou
45,100,115.04,26.45,16.9,1608,564,34.43751698,29.11543158,0.62,-0.07,-0.009,NH4NO3,pielou
46,35,112.1,23.1,22.3,1575,79,27.13459351,29.46799011,2.43,0.04,-0.0035,NH4NO3,pielou
47,35,112.1,23.1,22.3,1575,79,27.13459351,29.46799011,2.43,0.04,-0.0058,NH4NO3,pielou
48,70,112.1,23.1,22.3,1575,79,27.13459351,29.46799011,2.73,-0.01,-0.0062,NH4NO3,pielou
49,70,112.1,23.1,22.3,1575,79,27.13459351,29.46799011,2.73,-0.01,-0.0031,NH4NO3,pielou
50,35,112.1,23.1,22.3,1575,79,27.13459351,29.46799011,1.88,0.03,0.0111,NH4NO3,pielou
51,70,112.1,23.1,22.3,1575,79,27.13459351,29.46799011,2.22,-0.1,0.007,NH4NO3,pielou
52,35,112.1,23.1,22.3,1575,79,27.13459351,29.46799011,1.7,0,-0.0143,NH4NO3,pielou
53,70,112.1,23.1,22.3,1575,79,27.13459351,29.46799011,1.99,-0.06,-0.0041,NH4NO3,pielou
54,35,112.1,23.1,22.3,1575,79,27.13459351,29.46799011,1.7,0,0.0242,NH4NO3,pielou
55,70,112.1,23.1,22.3,1575,79,27.13459351,29.46799011,1.99,-0.06,0.0012,NH4NO3,pielou
56,35,112.1,23.1,22.3,1575,79,27.13459351,29.46799011,2.41,-0.02,0.0006,NH4NO3,pielou
57,70,112.1,23.1,22.3,1575,79,27.13459351,29.46799011,2.32,-0.07,-0.0011,NH4NO3,pielou
58,35,112.1,23.1,22.3,1575,79,27.13459351,29.46799011,2.41,-0.02,0.002,NH4NO3,pielou
59,70,112.1,23.1,22.3,1575,79,27.13459351,29.46799011,2.32,-0.07,0.0053,NH4NO3,pielou
60,16,83.43,42.7,-6.5,316,3594,17.11592697,26.97774193,7.28,-0.05,0.0013,Urea,pielou
61,8,83.43,42.7,-6.5,316,3594,17.11592697,26.97774193,7.52,-0.04,-0.0078,Urea,pielou
62,100,111.53,41.46,3.4,254,1484,15.60102127,27.76919585,16.94,-1.1,0.0046,NH4NO3,pielou
63,100,111.53,41.46,3.4,254,1484,15.60102127,27.76919585,14.62,-0.74,0.0188,NH4NO3,pielou
64,60,107.13,37.42,7.4,322,1597,17.1114511,28.24588463,0.28,0.08,-0.0032,NH4NO3,pielou
65,100,120.42,42.55,6.7,405,432,15.81152244,28.19530407,14.46,0,0.0126,NH4NO3,pielou
66,50,120.42,42.55,6.7,405,432,15.81152244,28.19530407,14.46,0,0.0088,NH4NO3,pielou
67,100,120.42,42.55,6.7,405,432,15.81152244,28.19530407,14.46,0,-0.0307,NH4NO3,pielou
68,50,120.42,42.55,6.7,405,432,15.81152244,28.19530407,14.46,0,-0.0141,NH4NO3,pielou
69,80,87.75,43.88,6.8,222,825,14.37295487,28.08572562,0.14,-0.28,0.0173,NH4NO3,pielou
70,20,87.75,43.88,6.8,222,825,14.37295487,28.08572562,0.15,-0.39,0.0201,NH4NO3,pielou
71,5,87.75,43.88,6.8,222,825,14.37295487,28.08572562,0.16,-0.1,-0.0003,NH4NO3,pielou
72,100,118.58,37.45,12.7,588,4,28.06153524,28.79540667,6.92,0.24,-0.0088,Others,pielou
73,100,118.58,37.45,12.7,588,4,28.06153524,28.79540667,6.92,0.01,0.0007,Others,pielou
74,100,118.58,37.45,12.7,588,4,28.06153524,28.79540667,6.92,0.1,0.0117,NH4NO3,pielou
75,50,118.58,37.45,12.7,588,4,28.06153524,28.79540667,6.92,0.24,0.0003,Others,pielou
76,50,118.58,37.45,12.7,588,4,28.06153524,28.79540667,6.92,0.16,0.0004,Others,pielou
77,50,118.58,37.45,12.7,588,4,28.06153524,28.79540667,6.92,0,-0.005,NH4NO3,pielou
78,36,87.76,45.16,7.1,169,584,10.83718264,28.33580511,0.43,-0.07,-0.0012,NH4NO3,pielou
79,36,87.76,45.16,7.1,169,584,10.83718264,28.33580511,0.47,-0.31,-0.0123,NH4NO3,pielou
80,36,87.76,45.16,7.1,169,584,10.83718264,28.33580511,0.47,-0.06,-0.0082,NH4NO3,pielou
81,18,87.76,45.16,7.1,169,584,10.83718264,28.33580511,0.43,-0.12,0.0354,NH4NO3,pielou
82,18,87.76,45.16,7.1,169,584,10.83718264,28.33580511,0.47,-0.11,0.0004,NH4NO3,pielou
83,18,87.76,45.16,7.1,169,584,10.83718264,28.33580511,0.32,-0.01,0.0012,NH4NO3,pielou
84,72,87.76,45.16,7.1,169,584,10.83718264,28.33580511,1.11,-0.24,0.0015,NH4NO3,pielou
85,72,87.76,45.16,7.1,169,584,10.83718264,28.33580511,1.18,-0.25,-0.003,NH4NO3,pielou
86,72,87.76,45.16,7.1,169,584,10.83718264,28.33580511,0.86,-0.08,-0.0043,NH4NO3,pielou
87,60,106.86,37.57,7.9,291,1450,17.032098,28.38850374,0.26,-0.01,-0.0035,Urea,pielou
88,80,116.16,42.01,1.6,387,1361,15.47181561,27.70180635,2.42,-0.29,-0.0021,NH4NO3,pielou
89,10,116.16,42.01,1.6,387,1361,15.47181561,27.70180635,2.1,-0.18,-0.0014,Urea,pielou
90,20,116.16,42.01,1.6,387,1361,15.47181561,27.70180635,2.18,-0.51,0.0049,Urea,pielou
91,40,116.16,42.01,1.6,387,1361,15.47181561,27.70180635,2.18,-0.99,-0.0017,Urea,pielou
92,100,116.87,42.42,1.4,405,1383,15.48536423,27.63181167,0.04,-0.27,-0.0098,Urea,pielou
93,100,116.71,42.38,1.6,395,1323,15.55830079,27.6849637,0.11,-1.34,-0.0055,Urea,pielou
94,100,117.27,42.48,0.8,444,1506,16.5673488,27.46949187,0.09,-0.75,-0.0011,Urea,pielou
95,100,117.26,42.46,0.8,444,1514,16.5673488,27.46949187,0.43,-0.27,0.0007,Urea,pielou
96,100,-96.35,39.05,12.1,880,387,27.58397538,28.59647362,25.33,-0.09,0.0009,Urea,pielou
97,100,-96.35,39.05,12.1,880,387,27.58397538,28.59647362,25.33,-0.31,-0.0073,NH4NO3,pielou
98,100,-96.35,39.05,12.1,880,387,27.58397538,28.59647362,25.33,-0.09,-0.0146,NH4NO3,pielou
99,100,-96.35,39.05,12.1,880,387,27.58397538,28.59647362,25.33,-0.31,0.0016,NH4NO3,pielou
100,100,-96.35,39.05,12.1,880,387,27.58397538,28.59647362,25.33,-0.09,0.0077,NH4NO3,pielou
101,100,-96.35,39.05,12.1,880,387,27.58397538,28.59647362,25.33,-0.31,0.0012,NH4NO3,pielou
102,100,-96.35,39.05,12.1,880,387,27.58397538,28.59647362,25.33,-0.09,-0.0117,NH4NO3,pielou
103,100,-96.35,39.05,12.1,880,387,27.58397538,28.59647362,25.33,-0.31,0.0126,NH4NO3,pielou
104,100,-96.35,39.05,12.1,880,387,27.58397538,28.59647362,25.33,-0.09,-0.0043,NH4NO3,pielou
105,100,-96.35,39.05,12.1,880,387,27.58397538,28.59647362,25.33,-0.31,0,NH4NO3,pielou
106,100,-96.35,39.05,12.1,880,387,27.58397538,28.59647362,25.33,-0.09,-0.0153,NH4NO3,pielou
107,100,-96.35,39.05,12.1,880,387,27.58397538,28.59647362,25.33,-0.31,-0.0023,NH4NO3,pielou
108,100,-96.35,39.05,12.1,880,387,27.58397538,28.59647362,25.33,-0.09,-0.0188,NH4NO3,pielou
109,100,-96.35,39.05,12.1,880,387,27.58397538,28.59647362,25.33,-0.31,0.1127,NH4NO3,pielou
110,100,-96.35,39.05,12.1,880,387,27.58397538,28.59647362,25.33,-0.31,-0.0095,NH4NO3,pielou
111,100,-96.35,39.05,12.1,880,387,27.58397538,28.59647362,25.33,-0.31,-0.0214,NH4NO3,pielou
112,100,-96.35,39.05,12.1,880,387,27.58397538,28.59647362,25.33,-0.09,0.0109,NH4NO3,pielou
113,100,-96.35,39.05,12.1,880,387,27.58397538,28.59647362,25.33,-0.09,-0.0201,NH4NO3,pielou
114,100,-96.35,39.05,12.1,880,387,27.58397538,28.59647362,25.33,-0.31,0.0059,NH4NO3,pielou
115,100,-96.35,39.05,12.1,880,387,27.58397538,28.59647362,25.33,-0.09,0.0312,NH4NO3,pielou
116,100,-96.35,39.05,12.1,880,387,27.58397538,28.59647362,25.33,-0.31,0.006,NH4NO3,pielou
117,50,100.1,27,12,964,3456,24.33339827,28.34216134,1.135,0,0.1204,Urea,pielou
118,50,100.1,27,12,964,3456,24.33339827,28.34216134,1.63,0,0.045,Urea,pielou
119,50,100.1,27,12,964,3456,24.33339827,28.34216134,1.38,0,0.0023,Urea,pielou
120,100,151.14,-27.73,18.4,682,411,20.81436988,29.34373401,11.75,0,-0.0087,Urea,pielou
121,100,8.54,47.11,8.2,1226,972,32.42340451,27.96155468,46.07,0,-0.0216,Urea,pielou
122,100,117.61,-31.78,17.4,331,297,15.71842684,29.16675822,5.17,0,0.0548,Urea,pielou
123,100,30.4,-29.67,17.9,882,810,24.1156103,29.09570807,17.66,0,-0.0423,Urea,pielou
124,100,30.29,-29.28,13.2,921,1666,22.96281079,29.00016712,22.54,0,0.0065,Urea,pielou
125,100,30.72,-29.81,18.4,934,636,28.30515743,29.09416562,16.29,0,0.0088,Urea,pielou
126,40,116.17,42.02,1.7,387,1354,15.47181561,27.70180635,1.95,-0.59,0.0117,Urea,pielou
127,50,116.17,42.02,1.7,387,1354,15.47181561,27.70180635,1.93,-0.28,0.0111,Urea,pielou
128,80,116.17,42.02,1.7,387,1354,15.47181561,27.70180635,2.14,-0.91,-0.0695,Urea,pielou
129,12.5,107.44,37.81,8,290,1384,16.50700024,28.38891006,0.38,0.67,0.0052,NH4NO3,pielou
130,100,107.44,37.81,8,290,1384,16.50700024,28.38891006,0.41,0.75,0.0017,NH4NO3,pielou
131,50,107.44,37.81,8,290,1384,16.50700024,28.38891006,0.4,0.76,-0.098,NH4NO3,pielou
132,25,107.44,37.81,8,290,1384,16.50700024,28.38891006,0.39,0.74,-0.0035,NH4NO3,pielou
133,8,99.35,37.02,-0.8,265,3482,13.50698421,27.53644017,26.75,0.09,0.0014,NH4NO3,pielou
134,50,107.4,35.12,10.1,617,1300,21.54056622,28.38064604,1.04,0,-0.0057,Urea,pielou
135,120,107.4,35.12,10.1,617,1300,21.54056622,28.38064604,0.78,0,-0.0123,Urea,pielou
136,120,108.02,34.18,14.5,636,481,21.90755771,28.58240371,0.93,-0.01,-0.0007,Urea,pielou
137,196,-85.22,42.23,8.7,901,286,26.45428612,28.20433669,0.8,-1.28,-0.0252,Others,pielou
138,196,-85.22,42.23,8.7,901,286,26.45428612,28.20433669,0.8,-0.95,-0.0184,Others,pielou
139,196,-85.22,42.23,8.7,901,286,26.45428612,28.20433669,0.8,-1.1,-0.0176,Others,pielou
140,196,-85.22,42.23,8.7,901,286,26.45428612,28.20433669,0.8,-1.42,-0.0155,Others,pielou
141,150,126.35,45.4,3.6,564,169,25.16186478,27.87412821,1.87,-0.87,-0.0194,Urea,pielou
142,150,126.35,45.4,3.6,564,169,25.16186478,27.87412821,2.38,-0.79,0.0154,Urea,pielou
143,150,125.88,45.26,4.1,534,150,23.75091952,27.89974874,15.57,-0.25,-0.0001,Urea,pielou
144,150,114.43,35.01,14.8,592,70,20.72879927,28.86216968,0.67,-0.31,-0.0005,Urea,pielou
145,150,114.43,35.01,14.8,592,70,20.72879927,28.86216968,0.71,-0.31,-0.0019,Urea,pielou
146,120,-3.45,40.25,13.6,446,710,27.61130678,28.79851626,11.3,0,0.0303,Others,pielou
147,120,-3.45,40.25,13.6,446,710,27.61130678,28.79851626,11.3,0,-0.0027,Others,pielou
148,120,-3.45,40.25,13.6,446,710,27.61130678,28.79851626,11.3,0,0.0037,Others,pielou
149,120,-3.45,40.25,13.6,446,710,27.61130678,28.79851626,11.3,0,-0.0029,Others,pielou
150,150,115.51,39.27,12.6,548,47,15.77523204,28.62374776,0.86,0,-0.004,Urea,pielou
151,110,115.51,39.27,12.6,548,47,15.77523204,28.62374776,0.65,0,-0.0015,Urea,pielou
152,165.6,119.27,29.01,17.7,1512,67,37.9319547,29.04965297,1.97,-0.01,0.0028,Urea,pielou
153,188,-80.23,43.38,6.9,903,302,26.20316969,28.09097784,2,0.2,0.0028,Others,pielou
154,188,-80.23,43.38,6.9,903,302,26.20316969,28.09097784,2,0.2,0.0027,Others,pielou
155,188,-80.23,43.38,6.9,903,302,26.20316969,28.09097784,2,0.2,0.0002,Others,pielou
156,180,-96.42,41.17,10.2,777,353,30.19830867,28.39713077,15.67,0,0.0055,Urea,pielou
157,180,-96.42,41.17,10.2,777,353,30.19830867,28.39713077,15.67,0,0.0375,Urea,pielou
158,180,-96.42,41.17,10.2,777,353,30.19830867,28.39713077,15.67,0,0.0105,Urea,pielou
159,180,-96.42,41.17,10.2,777,353,30.19830867,28.39713077,15.67,0,-0.0027,Urea,pielou
160,180,-96.42,41.17,10.2,777,353,30.19830867,28.39713077,15.67,0,-0.0668,Urea,pielou
161,180,-96.42,41.17,10.2,777,353,30.19830867,28.39713077,15.67,0,0.014,Urea,pielou
162,180,-96.42,41.17,10.2,777,353,30.19830867,28.39713077,15.67,0,0,Urea,pielou
163,180,-96.42,41.17,10.2,777,353,30.19830867,28.39713077,15.67,0,-0.0202,Urea,pielou
164,180,-96.42,41.17,10.2,777,353,30.19830867,28.39713077,15.67,0,-0.022,Urea,pielou
165,180,-96.42,41.17,10.2,777,353,30.19830867,28.39713077,15.67,0,-0.0133,Urea,pielou
166,180,-96.42,41.17,10.2,777,353,30.19830867,28.39713077,15.67,0,-0.0013,Urea,pielou
167,180,-96.42,41.17,10.2,777,353,30.19830867,28.39713077,15.67,0,-0.0073,Urea,pielou
168,180,-96.42,41.17,10.2,777,353,30.19830867,28.39713077,15.67,0,-0.0005,Urea,pielou
169,180,-96.42,41.17,10.2,777,353,30.19830867,28.39713077,15.67,0,-0.0021,Urea,pielou
170,180,-96.42,41.17,10.2,777,353,30.19830867,28.39713077,15.67,0,-0.0242,Urea,pielou
171,180,-96.42,41.17,10.2,777,353,30.19830867,28.39713077,15.67,0,-0.0067,Urea,pielou
172,180,-96.42,41.17,10.2,777,353,30.19830867,28.39713077,15.67,0,0.006,Urea,pielou
173,180,-96.42,41.17,10.2,777,353,30.19830867,28.39713077,15.67,0,-0.0232,Urea,pielou
174,180,-96.42,41.17,10.2,777,353,30.19830867,28.39713077,15.67,0,-0.0407,Urea,pielou
175,180,-96.42,41.17,10.2,777,353,30.19830867,28.39713077,15.67,0,-0.0196,Urea,pielou
176,180,-96.42,41.17,10.2,777,353,30.19830867,28.39713077,15.67,0,0.0054,Urea,pielou
177,180,-96.42,41.17,10.2,777,353,30.19830867,28.39713077,15.67,0,0.0144,Urea,pielou
178,180,-96.42,41.17,10.2,777,353,30.19830867,28.39713077,15.67,0,-0.0246,Urea,pielou
179,180,-96.42,41.17,10.2,777,353,30.19830867,28.39713077,15.67,0,-0.0035,Urea,pielou
180,180,-96.42,41.17,10.2,777,353,30.19830867,28.39713077,15.67,0,-0.0249,Urea,pielou
181,180,-96.42,41.17,10.2,777,353,30.19830867,28.39713077,15.67,0,-0.0003,Urea,pielou
182,180,-96.42,41.17,10.2,777,353,30.19830867,28.39713077,15.67,0,-0.0055,Urea,pielou
183,180,-96.42,41.17,10.2,777,353,30.19830867,28.39713077,15.67,0,0.0042,Urea,pielou
184,180,-96.42,41.17,10.2,777,353,30.19830867,28.39713077,15.67,0,-0.003,Urea,pielou
185,180,-96.42,41.17,10.2,777,353,30.19830867,28.39713077,15.67,0,-0.0193,Urea,pielou
186,150,107.54,22.38,22.5,1588,214,26.22167197,29.5386803,17.4,-0.35,0,Urea,pielou
187,200,114.41,37.53,12.4,549,254,18.22474307,28.69505048,10.08,0,-0.0046,Urea,pielou
188,200,114.41,37.53,12.4,549,254,18.22474307,28.69505048,10.08,0,0.0239,Urea,pielou
189,200,114.41,37.53,12.4,549,254,18.22474307,28.69505048,10.08,0,-0.0068,Urea,pielou
190,200,114.41,37.53,12.4,549,254,18.22474307,28.69505048,10.08,0,0.0055,Urea,pielou
191,120,122.86,52.94,-4.6,461,479,25.15039971,27.12969506,24.7,0.02,0.0706,NH4NO3,pielou
192,150,111.45,36.18,10.9,532,587,25.27433305,28.68107532,1.75,0.31,0.0168,NH4NO3,pielou
193,150,111.45,36.18,10.9,532,587,25.27433305,28.68107532,1.51,-0.17,-0.0016,Urea,pielou
194,150,111.45,36.18,10.9,532,587,25.27433305,28.68107532,2.03,-0.26,-0.0021,Urea,pielou
195,105,112.1,23.1,22.3,1575,94,27.13459351,29.46799011,2.63,0,0.0002,NH4NO3,pielou
196,105,112.1,23.1,22.3,1575,94,27.13459351,29.46799011,2.63,0,-0.0065,NH4NO3,pielou
197,105,112.1,23.1,22.3,1575,94,27.13459351,29.46799011,2.08,-0.02,-0.0057,NH4NO3,pielou
198,105,112.1,23.1,22.3,1575,94,27.13459351,29.46799011,1.89,-0.1,0.0061,NH4NO3,pielou
199,105,112.1,23.1,22.3,1575,94,27.13459351,29.46799011,1.89,-0.1,-0.0038,NH4NO3,pielou
200,105,112.1,23.1,22.3,1575,94,27.13459351,29.46799011,2.38,-0.3,-0.0161,NH4NO3,pielou
201,105,112.1,23.1,22.3,1575,94,27.13459351,29.46799011,2.38,-0.1,0.0029,NH4NO3,pielou
202,150,120.42,42.55,6.7,405,432,15.81152244,28.19530407,14.46,0,0.0036,NH4NO3,pielou
203,150,120.42,42.55,6.7,405,432,15.81152244,28.19530407,14.46,0,0.0169,NH4NO3,pielou
204,200,118.58,37.45,12.7,588,4,28.06153524,28.79540667,6.92,0.19,-0.0086,Others,pielou
205,200,118.58,37.45,12.7,588,4,28.06153524,28.79540667,6.92,-0.17,0.0074,Others,pielou
206,200,118.58,37.45,12.7,588,4,28.06153524,28.79540667,6.92,0.09,-0.0137,NH4NO3,pielou
207,160,116.16,42.01,1.6,387,1361,15.47181561,27.70180635,2.24,-1,-0.0031,Urea,pielou
208,200,116.87,42.42,1.4,405,1383,15.48536423,27.63181167,0.03,-0.52,-0.0051,Urea,pielou
209,200,116.71,42.38,1.6,395,1323,15.55830079,27.6849637,0.11,-0.96,-0.0511,Urea,pielou
210,200,117.27,42.48,0.8,444,1506,16.5673488,27.46949187,0.09,-1.21,-0.0028,Urea,pielou
211,200,117.26,42.46,0.8,444,1514,16.5673488,27.46949187,0.42,-1.47,-0.0073,Urea,pielou
212,160,116.17,42.02,1.7,387,1354,15.47181561,27.70180635,2.2,-1.71,-0.0127,Urea,pielou
213,200,107.44,37.81,8,290,1384,16.50700024,28.38891006,0.4,0.17,0.0034,NH4NO3,pielou
214,225,107.75,23.17,22,1546,157,32.87773496,29.46269938,15.75,0,0.0037,Urea,pielou
215,300,117.17,34.16,14.8,745,34,28.75268909,28.85696324,1.17,-0.35,0.0144,Urea,pielou
216,240,108.02,34.18,14.5,636,481,21.90755771,28.58240371,0.93,-0.18,0.1061,Urea,pielou
217,210,117.93,36.93,13.5,604,19,24.59575535,28.79772063,1.06,-0.77,0.0053,Urea,pielou
218,300,126.35,45.4,3.6,564,169,25.16186478,27.87412821,1.87,-1.36,-0.008,Urea,pielou
219,225,85.48,44.2,7.7,163,806,19.71669088,27.94290597,0.16,-0.05,0.0032,Urea,pielou
220,225,85.48,44.2,7.7,163,806,19.71669088,27.94290597,0.35,-0.05,0.0049,Urea,pielou
221,300,85.48,44.2,7.7,163,806,19.71669088,27.94290597,0.22,-0.15,0.0426,Urea,pielou
222,300,85.48,44.2,7.7,163,806,19.71669088,27.94290597,0.28,-0.15,-0.0021,Urea,pielou
223,210,125.88,45.26,4.1,534,150,23.75091952,27.89974874,15.57,-0.27,0.0431,Urea,pielou
224,270,125.88,45.26,4.1,534,150,23.75091952,27.89974874,15.57,-0.44,-0.0203,Urea,pielou
225,230,114.43,35.01,14.8,592,70,20.72879927,28.86216968,0.79,-0.41,-0.0019,Urea,pielou
226,230,114.43,35.01,14.8,592,70,20.72879927,28.86216968,0.8,-0.4,0.0037,Urea,pielou
227,240,118.52,32.01,15.6,1033,31,34.51876613,28.9937003,2.2,-0.17,-0.0006,Urea,pielou
228,225,107.88,35.28,11.5,569,1086,21.24439076,28.43022432,0.82,-0.01,-0.0161,Urea,pielou
229,225,107.88,35.28,11.5,569,1086,21.24439076,28.43022432,0.78,-0.01,-0.0063,Urea,pielou
230,240,112.99,34.92,14.5,603,115,25.94153695,28.87856823,1.09,-0.14,-0.0035,Urea,pielou
231,240,112.99,34.92,14.5,603,115,25.94153695,28.87856823,1.06,-0.12,-0.0031,Urea,pielou
232,300,114.41,37.53,12.4,549,254,18.22474307,28.69505048,10.08,0,0.0003,Urea,pielou
233,300,114.41,37.53,12.4,549,254,18.22474307,28.69505048,10.08,0,-0.0074,Urea,pielou
234,300,114.41,37.53,12.4,549,254,18.22474307,28.69505048,10.08,0,0.0871,Urea,pielou
235,240,122.86,52.94,-4.6,461,479,25.15039971,27.12969506,16.9,0.1,-0.0175,NH4NO3,pielou
236,300,97.18,33.24,0,471,4144,20.50066875,27.25852036,45.57,0,0.0021,Others,pielou
237,300,97.18,33.24,0,471,4144,20.50066875,27.25852036,45.57,0,-0.0067,NH4NO3,pielou
238,300,97.18,33.24,1.4,405,1383,15.48536423,27.63181167,0.04,-1.19,-0.0439,Urea,pielou
239,300,97.18,33.24,1.6,395,1323,15.55830079,27.6849637,0.12,-1.81,-0.0515,Urea,pielou
240,300,97.18,33.24,1.4,405,1383,15.48536423,27.63181167,0.1,-1.56,-0.063,Urea,pielou
241,368,108.16,30.4,18.3,1232,355,33.48755564,29.0763281,0.85,0,0.013,Urea,pielou
242,552,108.16,30.4,18.3,1232,355,33.48755564,29.0763281,0.89,-0.42,-0.0235,Urea,pielou
243,736,108.16,30.4,18.3,1232,355,33.48755564,29.0763281,0.92,-1.08,0.0284,Urea,pielou
244,920,108.16,30.4,18.3,1232,355,33.48755564,29.0763281,0.98,-1.17,0.0135,Urea,pielou
245,1104,108.16,30.4,18.3,1232,355,33.48755564,29.0763281,1.01,-1.25,-0.0316,Urea,pielou
246,450,107.75,23.17,22,1546,157,32.87773496,29.46269938,15.75,0,0.0096,Urea,pielou
247,375,85.48,44.2,7.7,163,806,19.71669088,27.94290597,0.33,-0.27,0.0025,Urea,pielou
248,375,85.48,44.2,7.7,163,806,19.71669088,27.94290597,0.17,-0.27,0.0457,Urea,pielou
249,310,114.43,35.01,14.8,592,70,20.72879927,28.86216968,0.8,-0.44,0.0035,Urea,pielou
250,310,114.43,35.01,14.8,592,70,20.72879927,28.86216968,0.81,-0.41,-0.0047,Urea,pielou
251,320,116.16,42.01,1.6,387,1361,15.47181561,27.70180635,2.78,-2.1,-0.0563,Urea,pielou
252,640,116.16,42.01,1.6,387,1361,15.47181561,27.70180635,2.87,-2.18,-0.0581,Urea,pielou
253,500,116.87,42.42,1.4,405,1383,15.48536423,27.63181167,0.05,-1.02,-0.0438,Urea,pielou
254,400,116.71,42.38,1.6,395,1323,15.55830079,27.6849637,0.04,-0.23,-0.0891,Urea,pielou
255,500,117.27,42.48,0.8,444,1506,16.5673488,27.46949187,0.12,-1.48,-0.0685,Urea,pielou
256,400,117.26,42.46,0.8,444,1514,16.5673488,27.46949187,0.12,1.61,-0.049,Urea,pielou
257,500,116.87,42.42,1.4,405,1383,15.48536423,27.63181167,0.1,-1.25,-0.0687,Urea,pielou
258,400,116.71,42.38,1.6,395,1323,15.55830079,27.6849637,0.11,-1.75,-0.0722,Urea,pielou
259,500,117.27,42.48,0.8,444,1506,16.5673488,27.46949187,0.45,-1.14,-0.2177,Urea,pielou
260,400,117.26,42.46,0.8,444,1514,16.5673488,27.46949187,0.47,-1.02,-0.0606,Urea,pielou
261,300,117.26,42.46,0.8,444,1514,16.5673488,27.46949187,0.53,-0.76,-0.0139,Urea,pielou
262,320,116.17,42.02,1.7,387,1354,15.47181561,27.70180635,2.38,-2.36,-0.1061,Urea,pielou
263,200,124.47,43.29,5.9,633,178,23.78292374,0.71516503,0.156,-0.12,0.0053,,pielou
264,200,124.47,43.29,5.9,633,178,23.78292374,0.71516503,0.156,-0.11,0.009,,pielou
265,200,124.47,43.29,5.9,633,178,23.78292374,0.71516503,0.156,0,0.003,,pielou
266,200,124.47,43.29,5.9,633,178,23.78292374,0.71516503,0.156,0.09,0.0109,,pielou
267,200,124.47,43.29,5.9,633,178,23.78292374,0.71516503,0.156,-0.22,-0.0108,,pielou
268,200,124.47,43.29,5.9,633,178,23.78292374,0.71516503,0.156,-0.31,-0.0105,,pielou
269,200,124.47,43.29,5.9,633,178,23.78292374,0.71516503,0.156,-0.42,-0.0049,,pielou
270,200,124.47,43.29,5.9,633,178,23.78292374,0.71516503,0.156,-0.24,-0.0006,,pielou
271,200,124.47,43.29,5.9,633,178,23.78292374,0.71516503,0.156,-0.32,-0.0068,,pielou
272,200,124.47,43.29,5.9,633,178,23.78292374,0.71516503,0.156,-0.1,-0.0085,,pielou
273,200,124.47,43.29,5.9,633,178,23.78292374,0.71516503,0.156,-0.37,-0.0199,,pielou
274,200,124.47,43.29,5.9,633,178,23.78292374,0.71516503,0.156,-0.31,-0.0221,,pielou
1,45,107.75,23.17,22,1546,157,32.87773496,29.46269938,15.75,0,0.0291,Urea,Richness
2,90,107.4,35.12,10.1,617,1300,21.54056622,28.38064604,10.4,0,0.1046,Urea,Richness
3,90,107.4,35.12,10.1,617,1300,21.54056622,28.38064604,1.04,0.03,-0.076,Urea,Richness
4,60,123.33,40.48,7.2,838,225,21.16443743,28.11511012,0.84,-0.54,-0.0418,Urea,Richness
5,75,126.35,45.4,3.6,564,169,25.16186478,27.87412821,0.52,-0.99,-0.0336,Urea,Richness
6,56,-85.22,42.23,8.7,901,286,26.45428612,28.20433669,0.8,-0.2,0.0146,Others,Richness
7,56,-85.22,42.23,8.7,901,286,26.45428612,28.20433669,0.8,-0.25,-0.0055,Others,Richness
8,56,-85.22,42.23,8.7,901,286,26.45428612,28.20433669,0.8,-0.32,0.0144,Others,Richness
9,56,-85.22,42.23,8.7,901,286,26.45428612,28.20433669,0.8,-0.32,0.0217,Others,Richness
10,62.1,119.43,29.19,17.7,1458,41,37.9319547,29.04965297,12.02,0,-0.035,Urea,Richness
11,90,125.88,45.26,4.1,534,150,23.75091952,27.89974874,15.57,-0.1,-0.0165,Urea,Richness
12,40,-3.45,40.25,13.6,446,710,27.61130678,28.79851626,11.3,0,0.0643,Urea,Richness
13,40,-3.45,40.25,13.6,446,710,27.61130678,28.79851626,11.3,0,0.0372,Urea,Richness
14,35,115.51,39.27,12.6,548,47,15.77523204,28.62374776,0.8,0,-0.0459,Urea,Richness
15,70,115.51,39.27,12.6,548,47,15.77523204,28.62374776,0.76,0,-0.0048,Urea,Richness
16,100,115.51,39.27,12.6,548,47,15.77523204,28.62374776,0.72,0,-0.058,Urea,Richness
17,40,115.51,39.27,12.6,548,47,15.77523204,28.62374776,0.67,0,0.0108,Urea,Richness
18,80,115.51,39.27,12.6,548,47,15.77523204,28.62374776,0.76,0,0.0501,Urea,Richness
19,57,-80.23,43.38,6.9,903,302,26.20316969,28.09097784,2.1,-0.17,-0.0034,Others,Richness
20,60,8.654,50.6,9.1,704,163,28.82355,28.19669756,18.01,0,-0.139,Others,Richness
21,60,8.654,50.6,9.1,704,163,28.82355,28.19669756,18.01,0,0.0149,Others,Richness
22,60,-88.5,35.37,15,1388,170,24.2621935,28.85725214,11.34,-0.13,-0.0472,NH4NO3,Richness
23,60,-88.5,35.37,15,1388,170,24.2621935,28.85725214,11.34,0.32,0.0188,NH4NO3,Richness
24,60,-88.5,35.37,15,1388,170,24.2621935,28.85725214,11.34,-0.1,-0.0441,NH4NO3,Richness
25,60,-88.5,35.37,15,1388,170,24.2621935,28.85725214,11.34,0.19,-0.029,NH4NO3,Richness
26,100,107.54,22.38,22.5,1588,214,26.22167197,29.5386803,17.4,-0.1,0.0663,Urea,Richness
27,100,114.41,37.53,12.4,549,254,18.22474307,28.69505048,10.08,0,-0.3251,Urea,Richness
28,100,114.41,37.53,12.4,549,254,18.22474307,28.69505048,10.08,0,-0.048,Urea,Richness
29,100,114.41,37.53,12.4,549,254,18.22474307,28.69505048,10.08,0,0.2158,Urea,Richness
30,50,127.38,41.42,2.7,814,1110,26.64049448,27.6181876,13.39,-0.83,-0.0157,NH4NO3,Richness
31,50,127.38,41.42,2.7,814,1110,26.64049448,27.6181876,1.52,-0.1,0.1195,NH4NO3,Richness
32,60,122.86,52.94,-4.6,461,479,25.15039971,27.12969506,24.7,0.03,0.1502,NH4NO3,Richness
33,50,111.45,36.18,10.9,532,587,25.27433305,28.68107532,1.98,-0.52,0.1023,Urea,Richness
34,50,111.45,36.18,10.9,532,587,25.27433305,28.68107532,1.74,-0.52,-0.0706,Urea,Richness
35,100,111.45,36.18,10.9,532,587,25.27433305,28.68107532,1.77,-0.52,-0.1425,Urea,Richness
36,100,111.45,36.18,10.9,532,587,25.27433305,28.68107532,1.68,-0.61,0.0412,Urea,Richness
37,50,111.45,36.18,10.9,532,587,25.27433305,28.68107532,2,-0.13,-0.1869,Urea,Richness
38,100,-111.34,64.52,-10.6,264,439,24.31085786,26.77552098,25.03,0,-0.0277,NH4NO3,Richness
39,100,-111.34,64.52,-10.6,264,439,24.31085786,26.77552098,25.03,0,-0.0071,NH4NO3,Richness
40,50,115.04,26.45,16.9,1608,564,34.43751698,29.11543158,1.04,-0.2,-0.1052,NH4NO3,Richness
41,50,115.04,26.45,16.9,1608,564,34.43751698,29.11543158,0.73,-0.11,-0.0448,NH4NO3,Richness
42,100,115.04,26.45,16.9,1608,564,34.43751698,29.11543158,0.69,-0.29,-0.0659,NH4NO3,Richness
43,100,115.04,26.45,16.9,1608,564,34.43751698,29.11543158,1.47,-0.29,-0.1717,NH4NO3,Richness
44,100,115.04,26.45,16.9,1608,564,34.43751698,29.11543158,0.93,-0.22,0.0414,NH4NO3,Richness
45,100,115.04,26.45,16.9,1608,564,34.43751698,29.11543158,0.62,-0.07,-0.0188,NH4NO3,Richness
46,35,112.1,23.1,22.3,1575,79,27.13459351,29.46799011,2.43,0.04,-0.0319,NH4NO3,Richness
47,35,112.1,23.1,22.3,1575,79,27.13459351,29.46799011,2.43,0.04,-0.0395,NH4NO3,Richness
48,70,112.1,23.1,22.3,1575,79,27.13459351,29.46799011,2.73,-0.01,-0.0207,NH4NO3,Richness
49,70,112.1,23.1,22.3,1575,79,27.13459351,29.46799011,2.73,-0.01,-0.013,NH4NO3,Richness
50,35,112.1,23.1,22.3,1575,79,27.13459351,29.46799011,1.88,0.03,-0.0153,NH4NO3,Richness
51,70,112.1,23.1,22.3,1575,79,27.13459351,29.46799011,2.22,-0.1,0.0041,NH4NO3,Richness
52,35,112.1,23.1,22.3,1575,79,27.13459351,29.46799011,1.7,0,-0.0692,NH4NO3,Richness
53,70,112.1,23.1,22.3,1575,79,27.13459351,29.46799011,1.99,-0.06,0.009,NH4NO3,Richness
54,35,112.1,23.1,22.3,1575,79,27.13459351,29.46799011,1.7,0,-0.0346,NH4NO3,Richness
55,70,112.1,23.1,22.3,1575,79,27.13459351,29.46799011,1.99,-0.06,0.015,NH4NO3,Richness
56,35,112.1,23.1,22.3,1575,79,27.13459351,29.46799011,2.41,-0.02,-0.0106,NH4NO3,Richness
57,70,112.1,23.1,22.3,1575,79,27.13459351,29.46799011,2.32,-0.07,0.0337,NH4NO3,Richness
58,35,112.1,23.1,22.3,1575,79,27.13459351,29.46799011,2.41,-0.02,0.0337,NH4NO3,Richness
59,70,112.1,23.1,22.3,1575,79,27.13459351,29.46799011,2.32,-0.07,0.0079,NH4NO3,Richness
60,16,83.43,42.7,-6.5,316,3594,17.11592697,26.97774193,7.28,-0.05,0.1286,Urea,Richness
61,8,83.43,42.7,-6.5,316,3594,17.11592697,26.97774193,7.52,-0.04,-0.0201,Urea,Richness
62,100,111.53,41.46,3.4,254,1484,15.60102127,27.76919585,16.94,-1.1,0.0895,NH4NO3,Richness
63,100,111.53,41.46,3.4,254,1484,15.60102127,27.76919585,14.62,-0.74,0.222,NH4NO3,Richness
64,60,107.13,37.42,7.4,322,1597,17.1114511,28.24588463,0.28,0.08,-0.0392,NH4NO3,Richness
65,100,120.42,42.55,6.7,405,432,15.81152244,28.19530407,14.46,0,0.0475,NH4NO3,Richness
66,50,120.42,42.55,6.7,405,432,15.81152244,28.19530407,14.46,0,-0.0147,NH4NO3,Richness
67,100,120.42,42.55,6.7,405,432,15.81152244,28.19530407,14.46,0,-0.0912,NH4NO3,Richness
68,50,120.42,42.55,6.7,405,432,15.81152244,28.19530407,14.46,0,-0.1083,NH4NO3,Richness
69,80,87.75,43.88,6.8,222,825,14.37295487,28.08572562,0.14,-0.28,0.0507,NH4NO3,Richness
70,20,87.75,43.88,6.8,222,825,14.37295487,28.08572562,0.15,-0.39,0.0162,NH4NO3,Richness
71,5,87.75,43.88,6.8,222,825,14.37295487,28.08572562,0.16,-0.1,0.035,NH4NO3,Richness
72,100,118.58,37.45,12.7,588,4,28.06153524,28.79540667,6.92,0.24,0.0162,Others,Richness
73,100,118.58,37.45,12.7,588,4,28.06153524,28.79540667,6.92,0.01,0.0199,Others,Richness
74,100,118.58,37.45,12.7,588,4,28.06153524,28.79540667,6.92,0.1,0.056,NH4NO3,Richness
75,50,118.58,37.45,12.7,588,4,28.06153524,28.79540667,6.92,0.24,0.0184,Others,Richness
76,50,118.58,37.45,12.7,588,4,28.06153524,28.79540667,6.92,0.16,0.0401,Others,Richness
77,50,118.58,37.45,12.7,588,4,28.06153524,28.79540667,6.92,0,0.006,NH4NO3,Richness
78,36,87.76,45.16,7.1,169,584,10.83718264,28.33580511,0.43,-0.07,-0.0365,NH4NO3,Richness
79,36,87.76,45.16,7.1,169,584,10.83718264,28.33580511,0.47,-0.31,-0.0418,NH4NO3,Richness
80,36,87.76,45.16,7.1,169,584,10.83718264,28.33580511,0.47,-0.06,-0.0242,NH4NO3,Richness
81,18,87.76,45.16,7.1,169,584,10.83718264,28.33580511,0.43,-0.12,-0.3095,NH4NO3,Richness
82,18,87.76,45.16,7.1,169,584,10.83718264,28.33580511,0.47,-0.11,-0.1769,NH4NO3,Richness
83,18,87.76,45.16,7.1,169,584,10.83718264,28.33580511,0.32,-0.01,-0.2291,NH4NO3,Richness
84,72,87.76,45.16,7.1,169,584,10.83718264,28.33580511,1.11,-0.24,-0.0419,NH4NO3,Richness
85,72,87.76,45.16,7.1,169,584,10.83718264,28.33580511,1.18,-0.25,0.0232,NH4NO3,Richness
86,72,87.76,45.16,7.1,169,584,10.83718264,28.33580511,0.86,-0.08,-0.028,NH4NO3,Richness
87,60,106.86,37.57,7.9,291,1450,17.032098,28.38850374,0.26,-0.01,-0.0214,Urea,Richness
88,80,116.16,42.01,1.6,387,1361,15.47181561,27.70180635,2.42,-0.29,0.1725,NH4NO3,Richness
89,10,116.16,42.01,1.6,387,1361,15.47181561,27.70180635,2.1,-0.18,0.1155,Urea,Richness
90,20,116.16,42.01,1.6,387,1361,15.47181561,27.70180635,2.18,-0.51,0.1106,Urea,Richness
91,40,116.16,42.01,1.6,387,1361,15.47181561,27.70180635,2.18,-0.99,0.0199,Urea,Richness
92,100,116.87,42.42,1.4,405,1383,15.48536423,27.63181167,0.04,-0.27,-0.0436,Urea,Richness
93,100,116.71,42.38,1.6,395,1323,15.55830079,27.6849637,0.11,-1.34,-0.0235,Urea,Richness
94,100,117.27,42.48,0.8,444,1506,16.5673488,27.46949187,0.09,-0.75,0.0498,Urea,Richness
95,100,117.26,42.46,0.8,444,1514,16.5673488,27.46949187,0.43,-0.27,0.0089,Urea,Richness
96,100,-96.35,39.05,12.1,880,387,27.58397538,28.59647362,25.33,-0.09,-0.0089,Urea,Richness
97,100,-96.35,39.05,12.1,880,387,27.58397538,28.59647362,25.33,-0.31,0.0216,NH4NO3,Richness
98,100,-96.35,39.05,12.1,880,387,27.58397538,28.59647362,25.33,-0.09,0.0215,NH4NO3,Richness
99,100,-96.35,39.05,12.1,880,387,27.58397538,28.59647362,25.33,-0.31,-0.0048,NH4NO3,Richness
100,100,-96.35,39.05,12.1,880,387,27.58397538,28.59647362,25.33,-0.09,0.0372,NH4NO3,Richness
101,100,-96.35,39.05,12.1,880,387,27.58397538,28.59647362,25.33,-0.31,-0.0153,NH4NO3,Richness
102,100,-96.35,39.05,12.1,880,387,27.58397538,28.59647362,25.33,-0.09,-0.0296,NH4NO3,Richness
103,100,-96.35,39.05,12.1,880,387,27.58397538,28.59647362,25.33,-0.31,0.0296,NH4NO3,Richness
104,100,-96.35,39.05,12.1,880,387,27.58397538,28.59647362,25.33,-0.09,-0.0038,NH4NO3,Richness
105,100,-96.35,39.05,12.1,880,387,27.58397538,28.59647362,25.33,-0.31,0.0295,NH4NO3,Richness
106,100,-96.35,39.05,12.1,880,387,27.58397538,28.59647362,25.33,-0.09,-0.0932,NH4NO3,Richness
107,100,-96.35,39.05,12.1,880,387,27.58397538,28.59647362,25.33,-0.31,-0.0427,NH4NO3,Richness
108,100,-96.35,39.05,12.1,880,387,27.58397538,28.59647362,25.33,-0.09,-0.0574,NH4NO3,Richness
109,100,-96.35,39.05,12.1,880,387,27.58397538,28.59647362,25.33,-0.31,0.1407,NH4NO3,Richness
110,100,-96.35,39.05,12.1,880,387,27.58397538,28.59647362,25.33,-0.31,-0.1357,NH4NO3,Richness
111,100,-96.35,39.05,12.1,880,387,27.58397538,28.59647362,25.33,-0.31,-0.1165,NH4NO3,Richness
112,100,-96.35,39.05,12.1,880,387,27.58397538,28.59647362,25.33,-0.09,0.0803,NH4NO3,Richness
113,100,-96.35,39.05,12.1,880,387,27.58397538,28.59647362,25.33,-0.09,0.0422,NH4NO3,Richness
114,100,-96.35,39.05,12.1,880,387,27.58397538,28.59647362,25.33,-0.31,-0.0048,NH4NO3,Richness
115,100,-96.35,39.05,12.1,880,387,27.58397538,28.59647362,25.33,-0.09,0.1603,NH4NO3,Richness
116,100,-96.35,39.05,12.1,880,387,27.58397538,28.59647362,25.33,-0.31,-0.0097,NH4NO3,Richness
117,50,100.1,27,12,964,3456,24.33339827,28.34216134,1.135,0,0.0596,Urea,Richness
118,50,100.1,27,12,964,3456,24.33339827,28.34216134,1.63,0,0.0122,Urea,Richness
119,50,100.1,27,12,964,3456,24.33339827,28.34216134,1.38,0,0.0184,Urea,Richness
120,100,151.14,-27.73,18.4,682,411,20.81436988,29.34373401,11.75,0,-0.0538,Urea,Richness
121,100,8.54,47.11,8.2,1226,972,32.42340451,27.96155468,46.07,0,-0.0812,Urea,Richness
122,100,117.61,-31.78,17.4,331,297,15.71842684,29.16675822,5.17,0,0.1335,Urea,Richness
123,100,30.4,-29.67,17.9,882,810,24.1156103,29.09570807,17.66,0,-0.1353,Urea,Richness
124,100,30.29,-29.28,13.2,921,1666,22.96281079,29.00016712,22.54,0,-0.005,Urea,Richness
125,100,30.72,-29.81,18.4,934,636,28.30515743,29.09416562,16.29,0,0.0601,Urea,Richness
126,40,116.17,42.02,1.7,387,1354,15.47181561,27.70180635,1.95,-0.59,-0.0083,Urea,Richness
127,50,116.17,42.02,1.7,387,1354,15.47181561,27.70180635,1.93,-0.28,0.0278,Urea,Richness
128,80,116.17,42.02,1.7,387,1354,15.47181561,27.70180635,2.14,-0.91,-0.2231,Urea,Richness
129,12.5,107.44,37.81,8,290,1384,16.50700024,28.38891006,0.38,0.67,0.0373,NH4NO3,Richness
130,100,107.44,37.81,8,290,1384,16.50700024,28.38891006,0.41,0.75,0.0302,NH4NO3,Richness
131,50,107.44,37.81,8,290,1384,16.50700024,28.38891006,0.4,0.76,-0.0921,NH4NO3,Richness
132,25,107.44,37.81,8,290,1384,16.50700024,28.38891006,0.39,0.74,-0.0033,NH4NO3,Richness
133,8,99.35,37.02,-0.8,265,3482,13.50698421,27.53644017,26.75,0.09,0.0451,NH4NO3,Richness
134,50,107.4,35.12,10.1,617,1300,21.54056622,28.38064604,1.04,0,0.1019,Urea,Richness
135,120,107.4,35.12,10.1,617,1300,21.54056622,28.38064604,0.78,0,-0.0931,Urea,Richness
136,120,108.02,34.18,14.5,636,481,21.90755771,28.58240371,0.93,-0.01,-0.0229,Urea,Richness
137,196,-85.22,42.23,8.7,901,286,26.45428612,28.20433669,0.8,-1.28,-0.1407,Others,Richness
138,196,-85.22,42.23,8.7,901,286,26.45428612,28.20433669,0.8,-0.95,-0.1404,Others,Richness
139,196,-85.22,42.23,8.7,901,286,26.45428612,28.20433669,0.8,-1.1,-0.1665,Others,Richness
140,196,-85.22,42.23,8.7,901,286,26.45428612,28.20433669,0.8,-1.42,-0.1552,Others,Richness
141,150,126.35,45.4,3.6,564,169,25.16186478,27.87412821,1.87,-0.87,-0.0256,Urea,Richness
142,150,126.35,45.4,3.6,564,169,25.16186478,27.87412821,2.38,-0.79,0.1243,Urea,Richness
143,150,125.88,45.26,4.1,534,150,23.75091952,27.89974874,15.57,-0.25,-0.012,Urea,Richness
144,150,114.43,35.01,14.8,592,70,20.72879927,28.86216968,0.67,-0.31,0.0177,Urea,Richness
145,150,114.43,35.01,14.8,592,70,20.72879927,28.86216968,0.71,-0.31,0.0208,Urea,Richness
146,120,-3.45,40.25,13.6,446,710,27.61130678,28.79851626,11.3,0,-0.0025,Others,Richness
147,120,-3.45,40.25,13.6,446,710,27.61130678,28.79851626,11.3,0,-0.0059,Others,Richness
148,120,-3.45,40.25,13.6,446,710,27.61130678,28.79851626,11.3,0,0.0416,Others,Richness
149,120,-3.45,40.25,13.6,446,710,27.61130678,28.79851626,11.3,0,0.0031,Others,Richness
150,150,115.51,39.27,12.6,548,47,15.77523204,28.62374776,0.86,0,-0.0499,Urea,Richness
151,110,115.51,39.27,12.6,548,47,15.77523204,28.62374776,0.65,0,-0.0009,Urea,Richness
152,165.6,119.27,29.01,17.7,1512,67,37.9319547,29.04965297,1.97,-0.01,0.0587,Urea,Richness
153,188,-80.23,43.38,6.9,903,302,26.20316969,28.09097784,2,0.2,0.0217,Others,Richness
154,188,-80.23,43.38,6.9,903,302,26.20316969,28.09097784,2,0.2,0.0308,Others,Richness
155,188,-80.23,43.38,6.9,903,302,26.20316969,28.09097784,2,0.2,-0.0251,Others,Richness
156,180,-96.42,41.17,10.2,777,353,30.19830867,28.39713077,15.67,0,0.1309,Urea,Richness
157,180,-96.42,41.17,10.2,777,353,30.19830867,28.39713077,15.67,0,-0.0476,Urea,Richness
158,180,-96.42,41.17,10.2,777,353,30.19830867,28.39713077,15.67,0,-0.014,Urea,Richness
159,180,-96.42,41.17,10.2,777,353,30.19830867,28.39713077,15.67,0,-0.0289,Urea,Richness
160,180,-96.42,41.17,10.2,777,353,30.19830867,28.39713077,15.67,0,-0.3737,Urea,Richness
161,180,-96.42,41.17,10.2,777,353,30.19830867,28.39713077,15.67,0,0.2541,Urea,Richness
162,180,-96.42,41.17,10.2,777,353,30.19830867,28.39713077,15.67,0,0.0382,Urea,Richness
163,180,-96.42,41.17,10.2,777,353,30.19830867,28.39713077,15.67,0,-0.1311,Urea,Richness
164,180,-96.42,41.17,10.2,777,353,30.19830867,28.39713077,15.67,0,-0.2945,Urea,Richness
165,180,-96.42,41.17,10.2,777,353,30.19830867,28.39713077,15.67,0,-0.1281,Urea,Richness
166,180,-96.42,41.17,10.2,777,353,30.19830867,28.39713077,15.67,0,-0.1241,Urea,Richness
167,180,-96.42,41.17,10.2,777,353,30.19830867,28.39713077,15.67,0,0.0769,Urea,Richness
168,180,-96.42,41.17,10.2,777,353,30.19830867,28.39713077,15.67,0,0.0614,Urea,Richness
169,180,-96.42,41.17,10.2,777,353,30.19830867,28.39713077,15.67,0,-0.2688,Urea,Richness
170,180,-96.42,41.17,10.2,777,353,30.19830867,28.39713077,15.67,0,-0.2076,Urea,Richness
171,180,-96.42,41.17,10.2,777,353,30.19830867,28.39713077,15.67,0,0.056,Urea,Richness
172,180,-96.42,41.17,10.2,777,353,30.19830867,28.39713077,15.67,0,0,Urea,Richness
173,180,-96.42,41.17,10.2,777,353,30.19830867,28.39713077,15.67,0,-0.0128,Urea,Richness
174,180,-96.42,41.17,10.2,777,353,30.19830867,28.39713077,15.67,0,-0.2593,Urea,Richness
175,180,-96.42,41.17,10.2,777,353,30.19830867,28.39713077,15.67,0,-0.106,Urea,Richness
176,180,-96.42,41.17,10.2,777,353,30.19830867,28.39713077,15.67,0,-0.2514,Urea,Richness
177,180,-96.42,41.17,10.2,777,353,30.19830867,28.39713077,15.67,0,-0.2818,Urea,Richness
178,180,-96.42,41.17,10.2,777,353,30.19830867,28.39713077,15.67,0,-0.6197,Urea,Richness
179,180,-96.42,41.17,10.2,777,353,30.19830867,28.39713077,15.67,0,-0.257,Urea,Richness
180,180,-96.42,41.17,10.2,777,353,30.19830867,28.39713077,15.67,0,-0.5733,Urea,Richness
181,180,-96.42,41.17,10.2,777,353,30.19830867,28.39713077,15.67,0,-0.1818,Urea,Richness
182,180,-96.42,41.17,10.2,777,353,30.19830867,28.39713077,15.67,0,-0.1951,Urea,Richness
183,180,-96.42,41.17,10.2,777,353,30.19830867,28.39713077,15.67,0,-0.0086,Urea,Richness
184,180,-96.42,41.17,10.2,777,353,30.19830867,28.39713077,15.67,0,-0.1892,Urea,Richness
185,180,-96.42,41.17,10.2,777,353,30.19830867,28.39713077,15.67,0,-0.0638,Urea,Richness
186,150,107.54,22.38,22.5,1588,214,26.22167197,29.5386803,17.4,-0.35,0.0733,Urea,Richness
187,200,114.41,37.53,12.4,549,254,18.22474307,28.69505048,10.08,0,-0.1122,Urea,Richness
188,200,114.41,37.53,12.4,549,254,18.22474307,28.69505048,10.08,0,-0.0896,Urea,Richness
189,200,114.41,37.53,12.4,549,254,18.22474307,28.69505048,10.08,0,0.08,Urea,Richness
190,200,114.41,37.53,12.4,549,254,18.22474307,28.69505048,10.08,0,0.0574,Urea,Richness
191,120,122.86,52.94,-4.6,461,479,25.15039971,27.12969506,24.7,0.02,0.0403,NH4NO3,Richness
192,150,111.45,36.18,10.9,532,587,25.27433305,28.68107532,1.75,0.31,-0.1164,NH4NO3,Richness
193,150,111.45,36.18,10.9,532,587,25.27433305,28.68107532,1.51,-0.17,0.0364,Urea,Richness
194,150,111.45,36.18,10.9,532,587,25.27433305,28.68107532,2.03,-0.26,-0.1002,Urea,Richness
195,105,112.1,23.1,22.3,1575,94,27.13459351,29.46799011,2.63,0,-0.0069,NH4NO3,Richness
196,105,112.1,23.1,22.3,1575,94,27.13459351,29.46799011,2.63,0,-0.0708,NH4NO3,Richness
197,105,112.1,23.1,22.3,1575,94,27.13459351,29.46799011,2.08,-0.02,0.0512,NH4NO3,Richness
198,105,112.1,23.1,22.3,1575,94,27.13459351,29.46799011,1.89,-0.1,-0.0261,NH4NO3,Richness
199,105,112.1,23.1,22.3,1575,94,27.13459351,29.46799011,1.89,-0.1,-0.1162,NH4NO3,Richness
200,105,112.1,23.1,22.3,1575,94,27.13459351,29.46799011,2.38,-0.3,-0.0585,NH4NO3,Richness
201,105,112.1,23.1,22.3,1575,94,27.13459351,29.46799011,2.38,-0.1,0.0089,NH4NO3,Richness
202,150,120.42,42.55,6.7,405,432,15.81152244,28.19530407,14.46,0,0.0181,NH4NO3,Richness
203,150,120.42,42.55,6.7,405,432,15.81152244,28.19530407,14.46,0,-0.0792,NH4NO3,Richness
204,200,118.58,37.45,12.7,588,4,28.06153524,28.79540667,6.92,0.19,0.0553,Others,Richness
205,200,118.58,37.45,12.7,588,4,28.06153524,28.79540667,6.92,-0.17,-0.0218,Others,Richness
206,200,118.58,37.45,12.7,588,4,28.06153524,28.79540667,6.92,0.09,0.0128,NH4NO3,Richness
207,160,116.16,42.01,1.6,387,1361,15.47181561,27.70180635,2.24,-1,0.1787,Urea,Richness
208,200,116.87,42.42,1.4,405,1383,15.48536423,27.63181167,0.03,-0.52,-0.1092,Urea,Richness
209,200,116.71,42.38,1.6,395,1323,15.55830079,27.6849637,0.11,-0.96,-0.2714,Urea,Richness
210,200,117.27,42.48,0.8,444,1506,16.5673488,27.46949187,0.09,-1.21,-0.086,Urea,Richness
211,200,117.26,42.46,0.8,444,1514,16.5673488,27.46949187,0.42,-1.47,-0.0537,Urea,Richness
212,160,116.17,42.02,1.7,387,1354,15.47181561,27.70180635,2.2,-1.71,-0.0031,Urea,Richness
213,200,107.44,37.81,8,290,1384,16.50700024,28.38891006,0.4,0.17,0.0282,NH4NO3,Richness
214,225,107.75,23.17,22,1546,157,32.87773496,29.46269938,15.75,0,0.0772,Urea,Richness
215,300,117.17,34.16,14.8,745,34,28.75268909,28.85696324,1.17,-0.35,0.0397,Urea,Richness
216,240,108.02,34.18,14.5,636,481,21.90755771,28.58240371,0.93,-0.18,0.0618,Urea,Richness
217,210,117.93,36.93,13.5,604,19,24.59575535,28.79772063,1.06,-0.77,-0.0783,Urea,Richness
218,300,126.35,45.4,3.6,564,169,25.16186478,27.87412821,1.87,-1.36,0.0449,Urea,Richness
219,225,85.48,44.2,7.7,163,806,19.71669088,27.94290597,0.16,-0.05,0.0243,Urea,Richness
220,225,85.48,44.2,7.7,163,806,19.71669088,27.94290597,0.35,-0.05,0.1556,Urea,Richness
221,300,85.48,44.2,7.7,163,806,19.71669088,27.94290597,0.22,-0.15,0.1624,Urea,Richness
222,300,85.48,44.2,7.7,163,806,19.71669088,27.94290597,0.28,-0.15,0.0022,Urea,Richness
223,210,125.88,45.26,4.1,534,150,23.75091952,27.89974874,15.57,-0.27,-0.0734,Urea,Richness
224,270,125.88,45.26,4.1,534,150,23.75091952,27.89974874,15.57,-0.44,-0.0287,Urea,Richness
225,230,114.43,35.01,14.8,592,70,20.72879927,28.86216968,0.79,-0.41,0.0621,Urea,Richness
226,230,114.43,35.01,14.8,592,70,20.72879927,28.86216968,0.8,-0.4,0.0168,Urea,Richness
227,240,118.52,32.01,15.6,1033,31,34.51876613,28.9937003,2.2,-0.17,-0.0889,Urea,Richness
228,225,107.88,35.28,11.5,569,1086,21.24439076,28.43022432,0.82,-0.01,0.0374,Urea,Richness
229,225,107.88,35.28,11.5,569,1086,21.24439076,28.43022432,0.78,-0.01,0.0141,Urea,Richness
230,240,112.99,34.92,14.5,603,115,25.94153695,28.87856823,1.09,-0.14,-0.0346,Urea,Richness
231,240,112.99,34.92,14.5,603,115,25.94153695,28.87856823,1.06,-0.12,0.0091,Urea,Richness
232,300,114.41,37.53,12.4,549,254,18.22474307,28.69505048,10.08,0,-0.0225,Urea,Richness
233,300,114.41,37.53,12.4,549,254,18.22474307,28.69505048,10.08,0,0,Urea,Richness
234,300,114.41,37.53,12.4,549,254,18.22474307,28.69505048,10.08,0,0.0994,Urea,Richness
235,240,122.86,52.94,-4.6,461,479,25.15039971,27.12969506,16.9,0.1,-0.0301,NH4NO3,Richness
236,300,97.18,33.24,0,471,4144,20.50066875,27.25852036,45.57,0,-0.0467,Others,Richness
237,300,97.18,33.24,0,471,4144,20.50066875,27.25852036,45.57,0,-0.0051,NH4NO3,Richness
238,300,97.18,33.24,1.4,405,1383,15.48536423,27.63181167,0.04,-1.19,-0.2955,Urea,Richness
239,300,97.18,33.24,1.6,395,1323,15.55830079,27.6849637,0.12,-1.81,-0.3056,Urea,Richness
240,300,97.18,33.24,1.4,405,1383,15.48536423,27.63181167,0.1,-1.56,-0.3215,Urea,Richness
241,368,108.16,30.4,18.3,1232,355,33.48755564,29.0763281,0.85,0,0.1335,Urea,Richness
242,552,108.16,30.4,18.3,1232,355,33.48755564,29.0763281,0.89,-0.42,-0.0297,Urea,Richness
243,736,108.16,30.4,18.3,1232,355,33.48755564,29.0763281,0.92,-1.08,0.1942,Urea,Richness
244,920,108.16,30.4,18.3,1232,355,33.48755564,29.0763281,0.98,-1.17,0.096,Urea,Richness
245,1104,108.16,30.4,18.3,1232,355,33.48755564,29.0763281,1.01,-1.25,-0.0526,Urea,Richness
246,450,107.75,23.17,22,1546,157,32.87773496,29.46269938,15.75,0,0.009,Urea,Richness
247,375,85.48,44.2,7.7,163,806,19.71669088,27.94290597,0.33,-0.27,-0.0239,Urea,Richness
248,375,85.48,44.2,7.7,163,806,19.71669088,27.94290597,0.17,-0.27,0.1617,Urea,Richness
249,310,114.43,35.01,14.8,592,70,20.72879927,28.86216968,0.8,-0.44,0.0417,Urea,Richness
250,310,114.43,35.01,14.8,592,70,20.72879927,28.86216968,0.81,-0.41,0,Urea,Richness
251,320,116.16,42.01,1.6,387,1361,15.47181561,27.70180635,2.78,-2.1,-0.1307,Urea,Richness
252,640,116.16,42.01,1.6,387,1361,15.47181561,27.70180635,2.87,-2.18,-0.1203,Urea,Richness
253,500,116.87,42.42,1.4,405,1383,15.48536423,27.63181167,0.05,-1.02,-0.4572,Urea,Richness
254,400,116.71,42.38,1.6,395,1323,15.55830079,27.6849637,0.04,-0.23,-0.482,Urea,Richness
255,500,117.27,42.48,0.8,444,1506,16.5673488,27.46949187,0.12,-1.48,-0.4902,Urea,Richness
256,400,117.26,42.46,0.8,444,1514,16.5673488,27.46949187,0.12,1.61,-0.2962,Urea,Richness
257,500,116.87,42.42,1.4,405,1383,15.48536423,27.63181167,0.1,-1.25,-0.4734,Urea,Richness
258,400,116.71,42.38,1.6,395,1323,15.55830079,27.6849637,0.11,-1.75,-0.5463,Urea,Richness
259,500,117.27,42.48,0.8,444,1506,16.5673488,27.46949187,0.45,-1.14,-0.4016,Urea,Richness
260,400,117.26,42.46,0.8,444,1514,16.5673488,27.46949187,0.47,-1.02,-0.1908,Urea,Richness
261,300,117.26,42.46,0.8,444,1514,16.5673488,27.46949187,0.53,-0.76,-0.0646,Urea,Richness
262,320,116.17,42.02,1.7,387,1354,15.47181561,27.70180635,2.38,-2.36,-0.5662,Urea,Richness
263,200,124.47,43.29,5.9,633,178,23.78292374,0.71516503,0.156,-0.12,0.0618,,Richness
264,200,124.47,43.29,5.9,633,178,23.78292374,0.71516503,0.156,-0.11,0.1071,,Richness
265,200,124.47,43.29,5.9,633,178,23.78292374,0.71516503,0.156,0,0.0541,,Richness
266,200,124.47,43.29,5.9,633,178,23.78292374,0.71516503,0.156,0.09,0.0792,,Richness
267,200,124.47,43.29,5.9,633,178,23.78292374,0.71516503,0.156,-0.22,-0.0715,,Richness
268,200,124.47,43.29,5.9,633,178,23.78292374,0.71516503,0.156,-0.31,-0.1025,,Richness
269,200,124.47,43.29,5.9,633,178,23.78292374,0.71516503,0.156,-0.42,-0.1116,,Richness
270,200,124.47,43.29,5.9,633,178,23.78292374,0.71516503,0.156,-0.24,-0.0358,,Richness
271,200,124.47,43.29,5.9,633,178,23.78292374,0.71516503,0.156,-0.32,0.0759,,Richness
272,200,124.47,43.29,5.9,633,178,23.78292374,0.71516503,0.156,-0.1,0.0469,,Richness
273,200,124.47,43.29,5.9,633,178,23.78292374,0.71516503,0.156,-0.37,-0.1114,,Richness
274,200,124.47,43.29,5.9,633,178,23.78292374,0.71516503,0.156,-0.31,-0.0723,,Richness
1,45,107.75,23.17,22,1546,157,32.87773496,29.46269938,15.75,0,0.0148,Urea,Shannon
2,90,107.4,35.12,10.1,617,1300,21.54056622,28.38064604,10.4,0,0.0242,Urea,Shannon
3,90,107.4,35.12,10.1,617,1300,21.54056622,28.38064604,1.04,0.03,-0.0274,Urea,Shannon
4,60,123.33,40.48,7.2,838,225,21.16443743,28.11511012,0.84,-0.54,-0.0191,Urea,Shannon
5,75,126.35,45.4,3.6,564,169,25.16186478,27.87412821,0.52,-0.99,-0.0098,Urea,Shannon
6,56,-85.22,42.23,8.7,901,286,26.45428612,28.20433669,0.8,-0.2,0.0021,Others,Shannon
7,56,-85.22,42.23,8.7,901,286,26.45428612,28.20433669,0.8,-0.25,-0.0002,Others,Shannon
8,56,-85.22,42.23,8.7,901,286,26.45428612,28.20433669,0.8,-0.32,0.0056,Others,Shannon
9,56,-85.22,42.23,8.7,901,286,26.45428612,28.20433669,0.8,-0.32,0.0048,Others,Shannon
10,62.1,119.43,29.19,17.7,1458,41,37.9319547,29.04965297,12.02,0,-0.0122,Urea,Shannon
11,90,125.88,45.26,4.1,534,150,23.75091952,27.89974874,15.57,-0.1,-0.0079,Urea,Shannon
12,40,-3.45,40.25,13.6,446,710,27.61130678,28.79851626,11.3,0,0.0226,Urea,Shannon
13,40,-3.45,40.25,13.6,446,710,27.61130678,28.79851626,11.3,0,0.0139,Urea,Shannon
14,35,115.51,39.27,12.6,548,47,15.77523204,28.62374776,0.8,0,-0.0073,Urea,Shannon
15,70,115.51,39.27,12.6,548,47,15.77523204,28.62374776,0.76,0,-0.0082,Urea,Shannon
16,100,115.51,39.27,12.6,548,47,15.77523204,28.62374776,0.72,0,-0.0126,Urea,Shannon
17,40,115.51,39.27,12.6,548,47,15.77523204,28.62374776,0.67,0,-0.0003,Urea,Shannon
18,80,115.51,39.27,12.6,548,47,15.77523204,28.62374776,0.76,0,0.0121,Urea,Shannon
19,57,-80.23,43.38,6.9,903,302,26.20316969,28.09097784,2.1,-0.17,-0.0024,Others,Shannon
20,60,8.654,50.6,9.1,704,163,28.82355,28.19669756,18.01,0,-0.0351,Others,Shannon
21,60,8.654,50.6,9.1,704,163,28.82355,28.19669756,18.01,0,0.0023,Others,Shannon
22,60,-88.5,35.37,15,1388,170,24.2621935,28.85725214,11.34,-0.13,-0.0139,NH4NO3,Shannon
23,60,-88.5,35.37,15,1388,170,24.2621935,28.85725214,11.34,0.32,0.0009,NH4NO3,Shannon
24,60,-88.5,35.37,15,1388,170,24.2621935,28.85725214,11.34,-0.1,-0.0119,NH4NO3,Shannon
25,60,-88.5,35.37,15,1388,170,24.2621935,28.85725214,11.34,0.19,-0.0029,NH4NO3,Shannon
26,100,107.54,22.38,22.5,1588,214,26.22167197,29.5386803,17.4,-0.1,0.0104,Urea,Shannon
27,100,114.41,37.53,12.4,549,254,18.22474307,28.69505048,10.08,0,-0.166,Urea,Shannon
28,100,114.41,37.53,12.4,549,254,18.22474307,28.69505048,10.08,0,-0.0193,Urea,Shannon
29,100,114.41,37.53,12.4,549,254,18.22474307,28.69505048,10.08,0,0.1524,Urea,Shannon
30,50,127.38,41.42,2.7,814,1110,26.64049448,27.6181876,13.39,-0.83,-0.0032,NH4NO3,Shannon
31,50,127.38,41.42,2.7,814,1110,26.64049448,27.6181876,1.52,-0.1,0.0317,NH4NO3,Shannon
32,60,122.86,52.94,-4.6,461,479,25.15039971,27.12969506,24.7,0.03,0.0476,NH4NO3,Shannon
33,50,111.45,36.18,10.9,532,587,25.27433305,28.68107532,1.98,-0.52,0.0327,Urea,Shannon
34,50,111.45,36.18,10.9,532,587,25.27433305,28.68107532,1.74,-0.52,-0.016,Urea,Shannon
35,100,111.45,36.18,10.9,532,587,25.27433305,28.68107532,1.77,-0.52,0.0161,Urea,Shannon
36,100,111.45,36.18,10.9,532,587,25.27433305,28.68107532,1.68,-0.61,-0.0401,Urea,Shannon
37,50,111.45,36.18,10.9,532,587,25.27433305,28.68107532,2,-0.13,-0.0318,Urea,Shannon
38,100,-111.34,64.52,-10.6,264,439,24.31085786,26.77552098,25.03,0,-0.0436,NH4NO3,Shannon
39,100,-111.34,64.52,-10.6,264,439,24.31085786,26.77552098,25.03,0,0.0117,NH4NO3,Shannon
40,50,115.04,26.45,16.9,1608,564,34.43751698,29.11543158,1.04,-0.2,-0.0489,NH4NO3,Shannon
41,50,115.04,26.45,16.9,1608,564,34.43751698,29.11543158,0.73,-0.11,-0.0309,NH4NO3,Shannon
42,100,115.04,26.45,16.9,1608,564,34.43751698,29.11543158,0.69,-0.29,-0.03,NH4NO3,Shannon
43,100,115.04,26.45,16.9,1608,564,34.43751698,29.11543158,1.47,-0.29,-0.0615,NH4NO3,Shannon
44,100,115.04,26.45,16.9,1608,564,34.43751698,29.11543158,0.93,-0.22,0.0095,NH4NO3,Shannon
45,100,115.04,26.45,16.9,1608,564,34.43751698,29.11543158,0.62,-0.07,-0.0122,NH4NO3,Shannon
46,35,112.1,23.1,22.3,1575,79,27.13459351,29.46799011,2.43,0.04,-0.009,NH4NO3,Shannon
47,35,112.1,23.1,22.3,1575,79,27.13459351,29.46799011,2.43,0.04,-0.0131,NH4NO3,Shannon
48,70,112.1,23.1,22.3,1575,79,27.13459351,29.46799011,2.73,-0.01,-0.0098,NH4NO3,Shannon
49,70,112.1,23.1,22.3,1575,79,27.13459351,29.46799011,2.73,-0.01,-0.0055,NH4NO3,Shannon
50,35,112.1,23.1,22.3,1575,79,27.13459351,29.46799011,1.88,0.03,0.0082,NH4NO3,Shannon
51,70,112.1,23.1,22.3,1575,79,27.13459351,29.46799011,2.22,-0.1,0.0077,NH4NO3,Shannon
52,35,112.1,23.1,22.3,1575,79,27.13459351,29.46799011,1.7,0,-0.0267,NH4NO3,Shannon
53,70,112.1,23.1,22.3,1575,79,27.13459351,29.46799011,1.99,-0.06,-0.0102,NH4NO3,Shannon
54,35,112.1,23.1,22.3,1575,79,27.13459351,29.46799011,1.7,0,0.0257,NH4NO3,Shannon
55,70,112.1,23.1,22.3,1575,79,27.13459351,29.46799011,1.99,-0.06,0.004,NH4NO3,Shannon
56,35,112.1,23.1,22.3,1575,79,27.13459351,29.46799011,2.41,-0.02,-0.0013,NH4NO3,Shannon
57,70,112.1,23.1,22.3,1575,79,27.13459351,29.46799011,2.32,-0.07,0.0003,NH4NO3,Shannon
58,35,112.1,23.1,22.3,1575,79,27.13459351,29.46799011,2.41,-0.02,0.0079,NH4NO3,Shannon
59,70,112.1,23.1,22.3,1575,79,27.13459351,29.46799011,2.32,-0.07,0.0113,NH4NO3,Shannon
60,16,83.43,42.7,-6.5,316,3594,17.11592697,26.97774193,7.28,-0.05,0.0258,Urea,Shannon
61,8,83.43,42.7,-6.5,316,3594,17.11592697,26.97774193,7.52,-0.04,-0.0115,Urea,Shannon
62,100,111.53,41.46,3.4,254,1484,15.60102127,27.76919585,16.94,-1.1,0.0234,NH4NO3,Shannon
63,100,111.53,41.46,3.4,254,1484,15.60102127,27.76919585,14.62,-0.74,0.1091,NH4NO3,Shannon
64,60,107.13,37.42,7.4,322,1597,17.1114511,28.24588463,0.28,0.08,-0.01,NH4NO3,Shannon
65,100,120.42,42.55,6.7,405,432,15.81152244,28.19530407,14.46,0,0.0207,NH4NO3,Shannon
66,50,120.42,42.55,6.7,405,432,15.81152244,28.19530407,14.46,0,0.0064,NH4NO3,Shannon
67,100,120.42,42.55,6.7,405,432,15.81152244,28.19530407,14.46,0,-0.0466,NH4NO3,Shannon
68,50,120.42,42.55,6.7,405,432,15.81152244,28.19530407,14.46,0,-0.0337,NH4NO3,Shannon
69,80,87.75,43.88,6.8,222,825,14.37295487,28.08572562,0.14,-0.28,0.0268,NH4NO3,Shannon
70,20,87.75,43.88,6.8,222,825,14.37295487,28.08572562,0.15,-0.39,0.0231,NH4NO3,Shannon
71,5,87.75,43.88,6.8,222,825,14.37295487,28.08572562,0.16,-0.1,0.0062,NH4NO3,Shannon
72,100,118.58,37.45,12.7,588,4,28.06153524,28.79540667,6.92,0.24,-0.0053,Others,Shannon
73,100,118.58,37.45,12.7,588,4,28.06153524,28.79540667,6.92,0.01,0.0051,Others,Shannon
74,100,118.58,37.45,12.7,588,4,28.06153524,28.79540667,6.92,0.1,0.0228,NH4NO3,Shannon
75,50,118.58,37.45,12.7,588,4,28.06153524,28.79540667,6.92,0.24,0.0048,Others,Shannon
76,50,118.58,37.45,12.7,588,4,28.06153524,28.79540667,6.92,0.16,0.0085,Others,Shannon
77,50,118.58,37.45,12.7,588,4,28.06153524,28.79540667,6.92,0,-0.0029,NH4NO3,Shannon
78,36,87.76,45.16,7.1,169,584,10.83718264,28.33580511,0.43,-0.07,-0.0165,NH4NO3,Shannon
79,36,87.76,45.16,7.1,169,584,10.83718264,28.33580511,0.47,-0.31,-0.0207,NH4NO3,Shannon
80,36,87.76,45.16,7.1,169,584,10.83718264,28.33580511,0.47,-0.06,-0.0151,NH4NO3,Shannon
81,18,87.76,45.16,7.1,169,584,10.83718264,28.33580511,0.43,-0.12,0.046,NH4NO3,Shannon
82,18,87.76,45.16,7.1,169,584,10.83718264,28.33580511,0.47,-0.11,0.0054,NH4NO3,Shannon
83,18,87.76,45.16,7.1,169,584,10.83718264,28.33580511,0.32,-0.01,-0.0068,NH4NO3,Shannon
84,72,87.76,45.16,7.1,169,584,10.83718264,28.33580511,1.11,-0.24,0.0025,NH4NO3,Shannon
85,72,87.76,45.16,7.1,169,584,10.83718264,28.33580511,1.18,-0.25,-0.0077,NH4NO3,Shannon
86,72,87.76,45.16,7.1,169,584,10.83718264,28.33580511,0.86,-0.08,-0.0093,NH4NO3,Shannon
87,60,106.86,37.57,7.9,291,1450,17.032098,28.38850374,0.26,-0.01,-0.0076,Urea,Shannon
88,80,116.16,42.01,1.6,387,1361,15.47181561,27.70180635,2.42,-0.29,0.0315,NH4NO3,Shannon
89,10,116.16,42.01,1.6,387,1361,15.47181561,27.70180635,2.1,-0.18,0.0216,Urea,Shannon
90,20,116.16,42.01,1.6,387,1361,15.47181561,27.70180635,2.18,-0.51,0.0266,Urea,Shannon
91,40,116.16,42.01,1.6,387,1361,15.47181561,27.70180635,2.18,-0.99,0.0027,Urea,Shannon
92,100,116.87,42.42,1.4,405,1383,15.48536423,27.63181167,0.04,-0.27,-0.0184,Urea,Shannon
93,100,116.71,42.38,1.6,395,1323,15.55830079,27.6849637,0.11,-1.34,-0.0095,Urea,Shannon
94,100,117.27,42.48,0.8,444,1506,16.5673488,27.46949187,0.09,-0.75,0.0074,Urea,Shannon
95,100,117.26,42.46,0.8,444,1514,16.5673488,27.46949187,0.43,-0.27,0.0023,Urea,Shannon
96,100,-96.35,39.05,12.1,880,387,27.58397538,28.59647362,25.33,-0.09,0.0039,Urea,Shannon
97,100,-96.35,39.05,12.1,880,387,27.58397538,28.59647362,25.33,-0.31,-0.0091,NH4NO3,Shannon
98,100,-96.35,39.05,12.1,880,387,27.58397538,28.59647362,25.33,-0.09,-0.0156,NH4NO3,Shannon
99,100,-96.35,39.05,12.1,880,387,27.58397538,28.59647362,25.33,-0.31,0.0037,NH4NO3,Shannon
100,100,-96.35,39.05,12.1,880,387,27.58397538,28.59647362,25.33,-0.09,0.0133,NH4NO3,Shannon
101,100,-96.35,39.05,12.1,880,387,27.58397538,28.59647362,25.33,-0.31,-0.0015,NH4NO3,Shannon
102,100,-96.35,39.05,12.1,880,387,27.58397538,28.59647362,25.33,-0.09,-0.0175,NH4NO3,Shannon
103,100,-96.35,39.05,12.1,880,387,27.58397538,28.59647362,25.33,-0.31,0.0159,NH4NO3,Shannon
104,100,-96.35,39.05,12.1,880,387,27.58397538,28.59647362,25.33,-0.09,-0.0059,NH4NO3,Shannon
105,100,-96.35,39.05,12.1,880,387,27.58397538,28.59647362,25.33,-0.31,0.0059,NH4NO3,Shannon
106,100,-96.35,39.05,12.1,880,387,27.58397538,28.59647362,25.33,-0.09,-0.0319,NH4NO3,Shannon
107,100,-96.35,39.05,12.1,880,387,27.58397538,28.59647362,25.33,-0.31,-0.0113,NH4NO3,Shannon
108,100,-96.35,39.05,12.1,880,387,27.58397538,28.59647362,25.33,-0.09,-0.0289,NH4NO3,Shannon
109,100,-96.35,39.05,12.1,880,387,27.58397538,28.59647362,25.33,-0.31,0.1336,NH4NO3,Shannon
110,100,-96.35,39.05,12.1,880,387,27.58397538,28.59647362,25.33,-0.31,-0.034,NH4NO3,Shannon
111,100,-96.35,39.05,12.1,880,387,27.58397538,28.59647362,25.33,-0.31,-0.0441,NH4NO3,Shannon
112,100,-96.35,39.05,12.1,880,387,27.58397538,28.59647362,25.33,-0.09,0.0253,NH4NO3,Shannon
113,100,-96.35,39.05,12.1,880,387,27.58397538,28.59647362,25.33,-0.09,-0.0209,NH4NO3,Shannon
114,100,-96.35,39.05,12.1,880,387,27.58397538,28.59647362,25.33,-0.31,0.0144,NH4NO3,Shannon
115,100,-96.35,39.05,12.1,880,387,27.58397538,28.59647362,25.33,-0.09,0.0607,NH4NO3,Shannon
116,100,-96.35,39.05,12.1,880,387,27.58397538,28.59647362,25.33,-0.31,0.0045,NH4NO3,Shannon
117,50,100.1,27,12,964,3456,24.33339827,28.34216134,1.135,0,0.1274,Urea,Shannon
118,50,100.1,27,12,964,3456,24.33339827,28.34216134,1.63,0,0.046,Urea,Shannon
119,50,100.1,27,12,964,3456,24.33339827,28.34216134,1.38,0,0.0059,Urea,Shannon
120,100,151.14,-27.73,18.4,682,411,20.81436988,29.34373401,11.75,0,-0.0188,Urea,Shannon
121,100,8.54,47.11,8.2,1226,972,32.42340451,27.96155468,46.07,0,-0.0368,Urea,Shannon
122,100,117.61,-31.78,17.4,331,297,15.71842684,29.16675822,5.17,0,0.0826,Urea,Shannon
123,100,30.4,-29.67,17.9,882,810,24.1156103,29.09570807,17.66,0,-0.0699,Urea,Shannon
124,100,30.29,-29.28,13.2,921,1666,22.96281079,29.00016712,22.54,0,0.005,Urea,Shannon
125,100,30.72,-29.81,18.4,934,636,28.30515743,29.09416562,16.29,0,0.0201,Urea,Shannon
126,40,116.17,42.02,1.7,387,1354,15.47181561,27.70180635,1.95,-0.59,0.0091,Urea,Shannon
127,50,116.17,42.02,1.7,387,1354,15.47181561,27.70180635,1.93,-0.28,0.0166,Urea,Shannon
128,80,116.17,42.02,1.7,387,1354,15.47181561,27.70180635,2.14,-0.91,-0.1368,Urea,Shannon
129,12.5,107.44,37.81,8,290,1384,16.50700024,28.38891006,0.38,0.67,0.0117,NH4NO3,Shannon
130,100,107.44,37.81,8,290,1384,16.50700024,28.38891006,0.41,0.75,0.007,NH4NO3,Shannon
131,50,107.44,37.81,8,290,1384,16.50700024,28.38891006,0.4,0.76,-0.1111,NH4NO3,Shannon
132,25,107.44,37.81,8,290,1384,16.50700024,28.38891006,0.39,0.74,-0.0051,NH4NO3,Shannon
133,8,99.35,37.02,-0.8,265,3482,13.50698421,27.53644017,26.75,0.09,0.0096,NH4NO3,Shannon
134,50,107.4,35.12,10.1,617,1300,21.54056622,28.38064604,1.04,0,0.0121,Urea,Shannon
135,120,107.4,35.12,10.1,617,1300,21.54056622,28.38064604,0.78,0,-0.0288,Urea,Shannon
136,120,108.02,34.18,14.5,636,481,21.90755771,28.58240371,0.93,-0.01,-0.0047,Urea,Shannon
137,196,-85.22,42.23,8.7,901,286,26.45428612,28.20433669,0.8,-1.28,-0.0508,Others,Shannon
138,196,-85.22,42.23,8.7,901,286,26.45428612,28.20433669,0.8,-0.95,-0.0437,Others,Shannon
139,196,-85.22,42.23,8.7,901,286,26.45428612,28.20433669,0.8,-1.1,-0.0471,Others,Shannon
140,196,-85.22,42.23,8.7,901,286,26.45428612,28.20433669,0.8,-1.42,-0.0433,Others,Shannon
141,150,126.35,45.4,3.6,564,169,25.16186478,27.87412821,1.87,-0.87,-0.0241,Urea,Shannon
142,150,126.35,45.4,3.6,564,169,25.16186478,27.87412821,2.38,-0.79,0.0377,Urea,Shannon
143,150,125.88,45.26,4.1,534,150,23.75091952,27.89974874,15.57,-0.25,-0.0023,Urea,Shannon
144,150,114.43,35.01,14.8,592,70,20.72879927,28.86216968,0.67,-0.31,0.0026,Urea,Shannon
145,150,114.43,35.01,14.8,592,70,20.72879927,28.86216968,0.71,-0.31,0.0017,Urea,Shannon
146,120,-3.45,40.25,13.6,446,710,27.61130678,28.79851626,11.3,0,0.0298,Others,Shannon
147,120,-3.45,40.25,13.6,446,710,27.61130678,28.79851626,11.3,0,-0.004,Others,Shannon
148,120,-3.45,40.25,13.6,446,710,27.61130678,28.79851626,11.3,0,0.0109,Others,Shannon
149,120,-3.45,40.25,13.6,446,710,27.61130678,28.79851626,11.3,0,-0.0023,Others,Shannon
150,150,115.51,39.27,12.6,548,47,15.77523204,28.62374776,0.86,0,-0.0128,Urea,Shannon
151,110,115.51,39.27,12.6,548,47,15.77523204,28.62374776,0.65,0,-0.0015,Urea,Shannon
152,165.6,119.27,29.01,17.7,1512,67,37.9319547,29.04965297,1.97,-0.01,0.0138,Urea,Shannon
153,188,-80.23,43.38,6.9,903,302,26.20316969,28.09097784,2,0.2,0.0066,Others,Shannon
154,188,-80.23,43.38,6.9,903,302,26.20316969,28.09097784,2,0.2,0.0082,Others,Shannon
155,188,-80.23,43.38,6.9,903,302,26.20316969,28.09097784,2,0.2,-0.0041,Others,Shannon
156,180,-96.42,41.17,10.2,777,353,30.19830867,28.39713077,15.67,0,0.0313,Urea,Shannon
157,180,-96.42,41.17,10.2,777,353,30.19830867,28.39713077,15.67,0,0.0283,Urea,Shannon
158,180,-96.42,41.17,10.2,777,353,30.19830867,28.39713077,15.67,0,0.0065,Urea,Shannon
159,180,-96.42,41.17,10.2,777,353,30.19830867,28.39713077,15.67,0,-0.0083,Urea,Shannon
160,180,-96.42,41.17,10.2,777,353,30.19830867,28.39713077,15.67,0,-0.1437,Urea,Shannon
161,180,-96.42,41.17,10.2,777,353,30.19830867,28.39713077,15.67,0,0.066,Urea,Shannon
162,180,-96.42,41.17,10.2,777,353,30.19830867,28.39713077,15.67,0,0.0088,Urea,Shannon
163,180,-96.42,41.17,10.2,777,353,30.19830867,28.39713077,15.67,0,-0.0445,Urea,Shannon
164,180,-96.42,41.17,10.2,777,353,30.19830867,28.39713077,15.67,0,-0.083,Urea,Shannon
165,180,-96.42,41.17,10.2,777,353,30.19830867,28.39713077,15.67,0,-0.0396,Urea,Shannon
166,180,-96.42,41.17,10.2,777,353,30.19830867,28.39713077,15.67,0,-0.0295,Urea,Shannon
167,180,-96.42,41.17,10.2,777,353,30.19830867,28.39713077,15.67,0,-0.0604,Urea,Shannon
168,180,-96.42,41.17,10.2,777,353,30.19830867,28.39713077,15.67,0,0.0071,Urea,Shannon
169,180,-96.42,41.17,10.2,777,353,30.19830867,28.39713077,15.67,0,-0.055,Urea,Shannon
170,180,-96.42,41.17,10.2,777,353,30.19830867,28.39713077,15.67,0,-0.0658,Urea,Shannon
171,180,-96.42,41.17,10.2,777,353,30.19830867,28.39713077,15.67,0,0.0045,Urea,Shannon
172,180,-96.42,41.17,10.2,777,353,30.19830867,28.39713077,15.67,0,0.0061,Urea,Shannon
173,180,-96.42,41.17,10.2,777,353,30.19830867,28.39713077,15.67,0,-0.0256,Urea,Shannon
174,180,-96.42,41.17,10.2,777,353,30.19830867,28.39713077,15.67,0,-0.0955,Urea,Shannon
175,180,-96.42,41.17,10.2,777,353,30.19830867,28.39713077,15.67,0,-0.0433,Urea,Shannon
176,180,-96.42,41.17,10.2,777,353,30.19830867,28.39713077,15.67,0,-0.0471,Urea,Shannon
177,180,-96.42,41.17,10.2,777,353,30.19830867,28.39713077,15.67,0,-0.0446,Urea,Shannon
178,180,-96.42,41.17,10.2,777,353,30.19830867,28.39713077,15.67,0,-0.1559,Urea,Shannon
179,180,-96.42,41.17,10.2,777,353,30.19830867,28.39713077,15.67,0,-0.0546,Urea,Shannon
180,180,-96.42,41.17,10.2,777,353,30.19830867,28.39713077,15.67,0,-0.0744,Urea,Shannon
181,180,-96.42,41.17,10.2,777,353,30.19830867,28.39713077,15.67,0,0.0041,Urea,Shannon
182,180,-96.42,41.17,10.2,777,353,30.19830867,28.39713077,15.67,0,-0.0441,Urea,Shannon
183,180,-96.42,41.17,10.2,777,353,30.19830867,28.39713077,15.67,0,0.0024,Urea,Shannon
184,180,-96.42,41.17,10.2,777,353,30.19830867,28.39713077,15.67,0,-0.04,Urea,Shannon
185,180,-96.42,41.17,10.2,777,353,30.19830867,28.39713077,15.67,0,-0.0336,Urea,Shannon
186,150,107.54,22.38,22.5,1588,214,26.22167197,29.5386803,17.4,-0.35,0.0135,Urea,Shannon
187,200,114.41,37.53,12.4,549,254,18.22474307,28.69505048,10.08,0,-0.029,Urea,Shannon
188,200,114.41,37.53,12.4,549,254,18.22474307,28.69505048,10.08,0,0.042,Urea,Shannon
189,200,114.41,37.53,12.4,549,254,18.22474307,28.69505048,10.08,0,0.092,Urea,Shannon
190,200,114.41,37.53,12.4,549,254,18.22474307,28.69505048,10.08,0,0.0264,Urea,Shannon
191,120,122.86,52.94,-4.6,461,479,25.15039971,27.12969506,24.7,0.02,-0.0169,NH4NO3,Shannon
192,150,111.45,36.18,10.9,532,587,25.27433305,28.68107532,1.75,0.31,-0.0246,NH4NO3,Shannon
193,150,111.45,36.18,10.9,532,587,25.27433305,28.68107532,1.51,-0.17,0.0128,Urea,Shannon
194,150,111.45,36.18,10.9,532,587,25.27433305,28.68107532,2.03,-0.26,-0.0168,Urea,Shannon
195,105,112.1,23.1,22.3,1575,94,27.13459351,29.46799011,2.63,0,-0.0185,NH4NO3,Shannon
196,105,112.1,23.1,22.3,1575,94,27.13459351,29.46799011,2.63,0,0.0155,NH4NO3,Shannon
197,105,112.1,23.1,22.3,1575,94,27.13459351,29.46799011,2.08,-0.02,-0.0086,NH4NO3,Shannon
198,105,112.1,23.1,22.3,1575,94,27.13459351,29.46799011,1.89,-0.1,-0.037,NH4NO3,Shannon
199,105,112.1,23.1,22.3,1575,94,27.13459351,29.46799011,1.89,-0.1,-0.0077,NH4NO3,Shannon
200,105,112.1,23.1,22.3,1575,94,27.13459351,29.46799011,2.38,-0.3,0.005,NH4NO3,Shannon
201,105,112.1,23.1,22.3,1575,94,27.13459351,29.46799011,2.38,-0.1,0.0205,NH4NO3,Shannon
202,150,120.42,42.55,6.7,405,432,15.81152244,28.19530407,14.46,0,-0.0223,NH4NO3,Shannon
203,150,120.42,42.55,6.7,405,432,15.81152244,28.19530407,14.46,0,0.0185,NH4NO3,Shannon
204,200,118.58,37.45,12.7,588,4,28.06153524,28.79540667,6.92,0.19,-0.017,Others,Shannon
205,200,118.58,37.45,12.7,588,4,28.06153524,28.79540667,6.92,-0.17,0.0004,Others,Shannon
206,200,118.58,37.45,12.7,588,4,28.06153524,28.79540667,6.92,0.09,0.0305,NH4NO3,Shannon
207,160,116.16,42.01,1.6,387,1361,15.47181561,27.70180635,2.24,-1,-0.1024,Urea,Shannon
208,200,116.87,42.42,1.4,405,1383,15.48536423,27.63181167,0.03,-0.52,-0.0181,Urea,Shannon
209,200,116.71,42.38,1.6,395,1323,15.55830079,27.6849637,0.11,-0.96,-0.017,Urea,Shannon
210,200,117.27,42.48,0.8,444,1506,16.5673488,27.46949187,0.09,-1.21,-0.0323,Urea,Shannon
211,200,117.26,42.46,0.8,444,1514,16.5673488,27.46949187,0.42,-1.47,0.0031,Urea,Shannon
212,160,116.17,42.02,1.7,387,1354,15.47181561,27.70180635,2.2,-1.71,0.0087,Urea,Shannon
213,200,107.44,37.81,8,290,1384,16.50700024,28.38891006,0.4,0.17,0.0285,NH4NO3,Shannon
214,225,107.75,23.17,22,1546,157,32.87773496,29.46269938,15.75,0,0.1128,Urea,Shannon
215,300,117.17,34.16,14.8,745,34,28.75268909,28.85696324,1.17,-0.35,0.016,Urea,Shannon
216,240,108.02,34.18,14.5,636,481,21.90755771,28.58240371,0.93,-0.18,-0.022,Urea,Shannon
217,210,117.93,36.93,13.5,604,19,24.59575535,28.79772063,1.06,-0.77,0.0113,Urea,Shannon
218,300,126.35,45.4,3.6,564,169,25.16186478,27.87412821,1.87,-1.36,0.0092,Urea,Shannon
219,225,85.48,44.2,7.7,163,806,19.71669088,27.94290597,0.16,-0.05,0.0808,Urea,Shannon
220,225,85.48,44.2,7.7,163,806,19.71669088,27.94290597,0.35,-0.05,-0.0016,Urea,Shannon
221,300,85.48,44.2,7.7,163,806,19.71669088,27.94290597,0.22,-0.15,0.0824,Urea,Shannon
222,300,85.48,44.2,7.7,163,806,19.71669088,27.94290597,0.28,-0.15,-0.0335,Urea,Shannon
223,210,125.88,45.26,4.1,534,150,23.75091952,27.89974874,15.57,-0.27,-0.0069,Urea,Shannon
224,270,125.88,45.26,4.1,534,150,23.75091952,27.89974874,15.57,-0.44,0.0146,Urea,Shannon
225,230,114.43,35.01,14.8,592,70,20.72879927,28.86216968,0.79,-0.41,0.0023,Urea,Shannon
226,230,114.43,35.01,14.8,592,70,20.72879927,28.86216968,0.8,-0.4,-0.0322,Urea,Shannon
227,240,118.52,32.01,15.6,1033,31,34.51876613,28.9937003,2.2,-0.17,0.0019,Urea,Shannon
228,225,107.88,35.28,11.5,569,1086,21.24439076,28.43022432,0.82,-0.01,-0.0009,Urea,Shannon
229,225,107.88,35.28,11.5,569,1086,21.24439076,28.43022432,0.78,-0.01,-0.0091,Urea,Shannon
230,240,112.99,34.92,14.5,603,115,25.94153695,28.87856823,1.09,-0.14,0.0024,Urea,Shannon
231,240,112.99,34.92,14.5,603,115,25.94153695,28.87856823,1.06,-0.12,-0.0095,Urea,Shannon
232,300,114.41,37.53,12.4,549,254,18.22474307,28.69505048,10.08,0,0.1165,Urea,Shannon
233,300,114.41,37.53,12.4,549,254,18.22474307,28.69505048,10.08,0,-0.0002,Urea,Shannon
234,300,114.41,37.53,12.4,549,254,18.22474307,28.69505048,10.08,0,-0.0295,Urea,Shannon
235,240,122.86,52.94,-4.6,461,479,25.15039971,27.12969506,16.9,0.1,-0.022,NH4NO3,Shannon
236,300,97.18,33.24,0,471,4144,20.50066875,27.25852036,45.57,0,-0.0071,Others,Shannon
237,300,97.18,33.24,0,471,4144,20.50066875,27.25852036,45.57,0,-0.0082,NH4NO3,Shannon
238,300,97.18,33.24,1.4,405,1383,15.48536423,27.63181167,0.04,-1.19,-0.0986,Urea,Shannon
239,300,97.18,33.24,1.6,395,1323,15.55830079,27.6849637,0.12,-1.81,-0.1092,Urea,Shannon
240,300,97.18,33.24,1.4,405,1383,15.48536423,27.63181167,0.1,-1.56,-0.1251,Urea,Shannon
241,368,108.16,30.4,18.3,1232,355,33.48755564,29.0763281,0.85,0,0.0369,Urea,Shannon
242,552,108.16,30.4,18.3,1232,355,33.48755564,29.0763281,0.89,-0.42,-0.0318,Urea,Shannon
243,736,108.16,30.4,18.3,1232,355,33.48755564,29.0763281,0.92,-1.08,0.0658,Urea,Shannon
244,920,108.16,30.4,18.3,1232,355,33.48755564,29.0763281,0.98,-1.17,0.0324,Urea,Shannon
245,1104,108.16,30.4,18.3,1232,355,33.48755564,29.0763281,1.01,-1.25,-0.0411,Urea,Shannon
246,450,107.75,23.17,22,1546,157,32.87773496,29.46269938,15.75,0,0.0106,Urea,Shannon
247,375,85.48,44.2,7.7,163,806,19.71669088,27.94290597,0.33,-0.27,-0.0017,Urea,Shannon
248,375,85.48,44.2,7.7,163,806,19.71669088,27.94290597,0.17,-0.27,0.0849,Urea,Shannon
249,310,114.43,35.01,14.8,592,70,20.72879927,28.86216968,0.8,-0.44,0.0108,Urea,Shannon
250,310,114.43,35.01,14.8,592,70,20.72879927,28.86216968,0.81,-0.41,-0.0046,Urea,Shannon
251,320,116.16,42.01,1.6,387,1361,15.47181561,27.70180635,2.78,-2.1,-0.0854,Urea,Shannon
252,640,116.16,42.01,1.6,387,1361,15.47181561,27.70180635,2.87,-2.18,-0.0824,Urea,Shannon
253,500,116.87,42.42,1.4,405,1383,15.48536423,27.63181167,0.05,-1.02,-0.1298,Urea,Shannon
254,400,116.71,42.38,1.6,395,1323,15.55830079,27.6849637,0.04,-0.23,-0.1801,Urea,Shannon
255,500,117.27,42.48,0.8,444,1506,16.5673488,27.46949187,0.12,-1.48,-0.1612,Urea,Shannon
256,400,117.26,42.46,0.8,444,1514,16.5673488,27.46949187,0.12,1.61,-0.1039,Urea,Shannon
257,500,116.87,42.42,1.4,405,1383,15.48536423,27.63181167,0.1,-1.25,-0.1578,Urea,Shannon
258,400,116.71,42.38,1.6,395,1323,15.55830079,27.6849637,0.11,-1.75,-0.1749,Urea,Shannon
259,500,117.27,42.48,0.8,444,1506,16.5673488,27.46949187,0.45,-1.14,-0.2917,Urea,Shannon
260,400,117.26,42.46,0.8,444,1514,16.5673488,27.46949187,0.47,-1.02,-0.0964,Urea,Shannon
261,300,117.26,42.46,0.8,444,1514,16.5673488,27.46949187,0.53,-0.76,-0.0256,Urea,Shannon
262,320,116.17,42.02,1.7,387,1354,15.47181561,27.70180635,2.38,-2.36,-0.2481,Urea,Shannon
263,200,124.47,43.29,5.9,633,178,23.78292374,0.71516503,0.156,-0.12,0.0162,,Shannon
264,200,124.47,43.29,5.9,633,178,23.78292374,0.71516503,0.156,-0.11,0.028,,Shannon
265,200,124.47,43.29,5.9,633,178,23.78292374,0.71516503,0.156,0,0.0121,,Shannon
266,200,124.47,43.29,5.9,633,178,23.78292374,0.71516503,0.156,0.09,0.0252,,Shannon
267,200,124.47,43.29,5.9,633,178,23.78292374,0.71516503,0.156,-0.22,-0.0252,,Shannon
268,200,124.47,43.29,5.9,633,178,23.78292374,0.71516503,0.156,-0.31,-0.03,,Shannon
269,200,124.47,43.29,5.9,633,178,23.78292374,0.71516503,0.156,-0.42,-0.0255,,Shannon
270,200,124.47,43.29,5.9,633,178,23.78292374,0.71516503,0.156,-0.24,-0.0076,,Shannon
271,200,124.47,43.29,5.9,633,178,23.78292374,0.71516503,0.156,-0.32,0.0072,,Shannon
272,200,124.47,43.29,5.9,633,178,23.78292374,0.71516503,0.156,-0.1,-0.0002,,Shannon
273,200,124.47,43.29,5.9,633,178,23.78292374,0.71516503,0.156,-0.37,-0.0406,,Shannon
274,200,124.47,43.29,5.9,633,178,23.78292374,0.71516503,0.156,-0.31,-0.0352,,Shannon
